id;fold_0_vote;fold_0_margin;fold_1_vote;fold_1_margin;fold_2_vote;fold_2_margin;fold_3_vote;fold_3_margin;true_votes;mean_margin;DEF
407;FALSE;-4.375000160187483;FALSE;-5.000000011641532;FALSE;-4.499999776482582;FALSE;-4.750000225380063;0;-4.656250043422915;FALSE
408;FALSE;-3.3749999217689037;FALSE;-3.3750001043081284;FALSE;-2.500000089406967;FALSE;-2.5000000447034836;0;-2.9375000400468707;FALSE
414;FALSE;-5.250000216066837;FALSE;-5.99999993853271;FALSE;-4.250000152736902;FALSE;-5.874999908264726;0;-5.343750053900294;FALSE
416;FALSE;-2.1249999925494194;FALSE;-2.5000000968575478;FALSE;-1.5000000447034836;FALSE;-2.8750000782310963;0;-2.2500000530853868;FALSE
417;FALSE;-2.625000052154064;FALSE;-3.1249999552965164;FALSE;-2.5000000670552254;FALSE;-2.750000052154064;0;-2.7500000316649675;FALSE
425;FALSE;-4.500000229105353;FALSE;-4.249999875202775;FALSE;-5.5000001029111445;FALSE;-4.625000227242708;0;-4.718750108615495;FALSE
428;FALSE;0.0;TRUE;0.75;TRUE;0.375;TRUE;0.25;3;0.34375;TRUE
441;FALSE;-4.875000218860805;FALSE;-5.000000067986548;FALSE;-4.1250000055879354;FALSE;-4.999999938067049;0;-4.750000057625584;FALSE
459;FALSE;-4.624999884516001;FALSE;-5.000000017229468;FALSE;-4.499999911524355;FALSE;-5.249999947845936;0;-4.84374994027894;FALSE
464;FALSE;-3.7499999422580004;FALSE;-4.374999888241291;FALSE;-2.7500000670552254;FALSE;-3.250000048428774;0;-3.5312499864958227;FALSE
466;FALSE;-2.8749999962747097;FALSE;-3.7500001043081284;FALSE;-2.8749999441206455;FALSE;-3.7499999552965164;0;-3.3125;FALSE
467;FALSE;-3.625000026077032;FALSE;-4.00000006519258;FALSE;-3.875000052154064;FALSE;-4.625000064261258;0;-4.0312500519212335;FALSE
468;FALSE;-2.3750000298023224;FALSE;-2.750000011175871;FALSE;-2.125000022351742;FALSE;-2.499999947845936;0;-2.4375000027939677;FALSE
469;FALSE;-4.125000212341547;FALSE;-4.250000041909516;FALSE;-4.3749997625127435;FALSE;-4.2500000689178705;0;-4.250000021420419;FALSE
476;FALSE;-2.5000000074505806;FALSE;-3.125000100582838;FALSE;-2.2500000670552254;FALSE;-2.8750000186264515;0;-2.687500048428774;FALSE
479;FALSE;-4.375000195577741;FALSE;-5.37499980116263;FALSE;-4.000000221654773;FALSE;-5.875000017462298;0;-4.9062500589643605;FALSE
480;FALSE;-4.750000147148967;FALSE;-5.249999937135726;FALSE;-5.375000142492354;FALSE;-5.375000222120434;0;-5.18750011222437;FALSE
489;FALSE;-6.374999866937287;FALSE;-6.875000011525117;FALSE;-7.249999830615707;FALSE;-7.374999764724635;0;-6.968749868450686;FALSE
490;FALSE;-7.000000113504939;FALSE;-7.750000018393621;FALSE;-8.249999943422154;FALSE;-6.125000045169145;0;-7.2812500301224645;FALSE
492;FALSE;-7.249999792082235;FALSE;-7.874999821593519;FALSE;-6.250000054482371;FALSE;-7.499999829917215;0;-7.218749874518835;FALSE
494;FALSE;-3.624999927356839;FALSE;-4.250000115483999;FALSE;-3.375000037252903;FALSE;-4.124999932944775;0;-3.843750003259629;FALSE
499;FALSE;-1.7500000447034836;FALSE;-2.125000022351742;FALSE;-1.3749999552965164;FALSE;-1.9999999701976776;0;-1.8124999981373549;FALSE
506;TRUE;0.375;TRUE;0.625;TRUE;0.5;FALSE;0.0;3;0.375;TRUE
531;TRUE;1.125;TRUE;0.6249999701976776;TRUE;1.6249999850988388;TRUE;0.625;4;0.9999999888241291;TRUE
538;FALSE;-1.5000000149011612;FALSE;-2.124999910593033;FALSE;-1.1249999701976776;FALSE;-1.7500000298023224;0;-1.6249999813735485;FALSE
553;FALSE;-4.375000052154064;FALSE;-5.124999776482582;FALSE;-4.375000206753612;FALSE;-4.374999770894647;0;-4.562499951571226;FALSE
555;FALSE;-3.125000074505806;FALSE;-4.125000059604645;FALSE;-3.500000037252903;FALSE;-4.125000026077032;0;-3.7187500493600965;FALSE
556;FALSE;-5.624999879859388;FALSE;-5.874999813968316;FALSE;-5.750000169733539;FALSE;-5.874999947613105;0;-5.781249952793587;FALSE
570;FALSE;-1.6249999850988388;FALSE;-2.124999925494194;FALSE;-1.6249999850988388;FALSE;-1.1250000298023224;0;-1.6249999813735485;FALSE
588;FALSE;-5.249999930150807;FALSE;-6.125000096624717;FALSE;-5.624999888706952;FALSE;-6.25000001094304;0;-5.812499981606379;FALSE
595;FALSE;-0.9999999701976776;FALSE;-0.9999999403953552;FALSE;-0.7499999701976776;FALSE;-1.8750000149011612;0;-1.156249973922968;FALSE
597;FALSE;-3.0000001043081284;FALSE;-3.2500000707805157;FALSE;-2.125000014901161;FALSE;-2.7500000074505806;0;-2.7812500493600965;FALSE
601;FALSE;-5.000000164378434;FALSE;-5.499999879393727;FALSE;-5.374999919906259;FALSE;-5.3749999441206455;0;-5.312499976949766;FALSE
603;FALSE;-6.374999850755557;FALSE;-7.125000029045623;FALSE;-6.124999775085598;FALSE;-6.750000118045136;0;-6.593749943232979;FALSE
610;FALSE;-2.3750000447034836;FALSE;-3.7499999199062586;FALSE;-2.625000111758709;FALSE;-3.6249999403953552;0;-3.0937500041909516;FALSE
611;FALSE;-6.999999872408807;FALSE;-6.874999836785719;FALSE;-6.749999823747203;FALSE;-7.500000180443749;0;-7.031249928346369;FALSE
652;FALSE;-5.249999921768904;FALSE;-6.875000103376806;FALSE;-5.624999997206032;FALSE;-5.999999823747203;0;-5.937499961524736;FALSE
663;FALSE;-3.374999910593033;FALSE;-4.249999797903001;FALSE;-3.3750000298023224;FALSE;-4.375000179745257;0;-3.8437499795109034;FALSE
670;FALSE;-5.624999881722033;FALSE;-5.000000052154064;FALSE;-5.124999888241291;FALSE;-6.00000015902333;0;-5.4374999952851795;FALSE
678;FALSE;-0.6249999701976776;FALSE;-1.1250000596046448;FALSE;-0.5;FALSE;-1.0000000298023224;0;-0.8125000149011612;FALSE
691;FALSE;-3.2500000335276127;FALSE;-4.125000108033419;FALSE;-3.125000037252903;FALSE;-3.375000011175871;0;-3.4687500474974513;FALSE
708;FALSE;-6.499999930616468;FALSE;-7.125000232306775;FALSE;-6.374999847263098;FALSE;-7.12499991664663;0;-6.781249981708243;FALSE
712;FALSE;-0.9999999403953552;FALSE;-1.2500000596046448;FALSE;-0.7500000298023224;FALSE;-1.3750000596046448;0;-1.0937500223517418;FALSE
717;FALSE;-2.6250000447034836;FALSE;-3.000000100582838;FALSE;-2.3749999329447746;FALSE;-2.6249999925494194;0;-2.656250017695129;FALSE
722;FALSE;-3.6250001043081284;FALSE;-3.750000113621354;FALSE;-4.375000081956387;FALSE;-3.1249999403953552;0;-3.718750060070306;FALSE
723;FALSE;-8.937500382438884;FALSE;-8.999999698193278;FALSE;-9.374999699473847;FALSE;-9.375000248342985;0;-9.171875007112249;FALSE
732;FALSE;-0.8750000596046448;FALSE;-0.7499999701976776;FALSE;-0.7500000298023224;FALSE;-0.5000000298023224;0;-0.7187500223517418;FALSE
736;FALSE;-2.3750000298023224;FALSE;-2.9999999068677425;FALSE;-1.8749999403953552;FALSE;-2.7499999180436134;0;-2.4999999487772584;FALSE
743;FALSE;-1.9999999552965164;FALSE;-3.125000052154064;FALSE;-1.75;FALSE;-2.7500000037252903;0;-2.4062500027939677;FALSE
744;FALSE;-2.999999988824129;FALSE;-3.125000037252903;FALSE;-2.2500000670552254;FALSE;-3.499999985098839;0;-2.968750019557774;FALSE
747;FALSE;-7.5000002204906195;FALSE;-8.374999683379428;FALSE;-7.624999818159267;FALSE;-6.749999877647497;0;-7.562499899919203;FALSE
756;FALSE;-3.7499999906867743;FALSE;-4.375000135973096;FALSE;-3.74999993853271;FALSE;-3.9999999813735485;0;-3.968750011641532;FALSE
760;TRUE;0.6250000596046448;TRUE;0.8749999701976776;TRUE;0.6249999701976776;TRUE;0.625;4;0.6875;TRUE
762;FALSE;-5.499999871943146;FALSE;-4.874999945051968;FALSE;-4.750000048428774;FALSE;-5.500000081025064;0;-5.156249986612238;FALSE
766;FALSE;-1.75;FALSE;-2.6250001043081284;FALSE;-1.375;FALSE;-2.625000014901161;0;-2.0937500298023224;FALSE
770;FALSE;-3.124999899417162;FALSE;-4.125000027939677;FALSE;-2.2499998956918716;FALSE;-3.624999973922968;0;-3.2812499492429197;FALSE
772;FALSE;-2.4999999031424522;FALSE;-3.374999951571226;FALSE;-2.499999962747097;FALSE;-3.3749999552965164;0;-2.937499943189323;FALSE
777;FALSE;-1.2500000596046448;FALSE;-1.0000000596046448;FALSE;-1.1250000298023224;FALSE;-1.6249999552965164;0;-1.250000026077032;FALSE
780;FALSE;-3.9999999441206455;FALSE;-5.500000183470547;FALSE;-3.9999999664723873;FALSE;-4.5000001434236765;0;-4.500000059371814;FALSE
781;FALSE;-5.625000161118805;FALSE;-7.812500234635081;FALSE;-5.874999966705218;FALSE;-6.124999973690137;0;-6.35937508403731;FALSE
783;FALSE;-1.0000000298023224;FALSE;-1.6250000149011612;FALSE;-1.0000000596046448;FALSE;-0.8750000596046448;0;-1.1250000409781933;FALSE
785;FALSE;-2.124999947845936;FALSE;-3.374999973922968;FALSE;-2.8750000819563866;FALSE;-3.6250001061707735;0;-3.000000027474016;FALSE
791;FALSE;-5.125000208150595;FALSE;-6.562500161118805;FALSE;-5.999999922700226;FALSE;-5.625000074971467;0;-5.828125091735274;FALSE
794;FALSE;-5.000000022351742;FALSE;-6.000000171130523;FALSE;-5.000000214204192;FALSE;-5.375000009313226;0;-5.343750104249921;FALSE
796;FALSE;-5.250000123865902;FALSE;-4.874999930150807;FALSE;-4.9999999441206455;FALSE;-5.124999986030161;0;-5.062499996041879;FALSE
797;FALSE;-5.000000231899321;FALSE;-5.624999966938049;FALSE;-4.749999816529453;FALSE;-5.375000124797225;0;-5.187500035041012;FALSE
801;FALSE;-2.4999999403953552;FALSE;-3.000000100582838;FALSE;-2.5;FALSE;-3.0000000931322575;0;-2.7500000335276127;FALSE
804;FALSE;-0.75;FALSE;-1.625;FALSE;-0.625;FALSE;-1.4999999701976776;0;-1.1249999925494194;FALSE
805;FALSE;-5.249999986030161;FALSE;-6.24999986612238;FALSE;-5.625000013504177;FALSE;-5.625000216299668;0;-5.687500020489097;FALSE
808;FALSE;-2.749999951571226;FALSE;-3.3750001154839993;FALSE;-2.499999962747097;FALSE;-3.375000048428774;0;-3.000000019557774;FALSE
815;FALSE;-4.499999790452421;FALSE;-5.999999868916348;FALSE;-4.6250001499429345;FALSE;-5.249999854248017;0;-5.09374991588993;FALSE
817;FALSE;0.0;TRUE;0.8750000596046448;TRUE;0.6250000298023224;TRUE;1.5000000298023224;3;0.7500000298023224;TRUE
830;FALSE;-2.375;FALSE;-3.2499999068677425;FALSE;-3.0000000447034836;FALSE;-4.375000094994903;0;-3.250000011641532;FALSE
832;FALSE;-5.249999809078872;FALSE;-6.125000073108822;FALSE;-4.750000171363354;FALSE;-6.125000207219273;0;-5.56250006519258;FALSE
843;FALSE;-3.874999888241291;FALSE;-4.375000198371708;FALSE;-4.124999966472387;FALSE;-4.749999919906259;0;-4.281249993247911;FALSE
846;FALSE;-4.50000015180558;FALSE;-4.375000001862645;FALSE;-3.2499999441206455;FALSE;-3.8749998807907104;0;-3.999999994644895;FALSE
866;FALSE;-1.0000000298023224;FALSE;-2.3749999701976776;FALSE;-0.7500000298023224;FALSE;-2.249999910593033;0;-1.5937499850988388;FALSE
872;FALSE;-3.999999912455678;FALSE;-4.3749999506399035;FALSE;-4.125000040978193;FALSE;-4.249999908730388;0;-4.187499953201041;FALSE
875;FALSE;-3.5000000689178705;FALSE;-3.8750000540167093;FALSE;-2.8749999813735485;FALSE;-2.9999999180436134;0;-3.3125000055879354;FALSE
881;FALSE;-2.625000052154064;FALSE;-2.7500000707805157;FALSE;-3.1249999403953552;FALSE;-3.3750000186264515;0;-2.9687500204890966;FALSE
889;FALSE;-4.125000201165676;FALSE;-3.6249999720603228;FALSE;-4.125000165775418;FALSE;-4.749999797903001;0;-4.156250034226105;FALSE
890;FALSE;-5.6250000551808625;FALSE;-5.250000223051757;FALSE;-5.624999913852662;FALSE;-5.749999762745574;0;-5.562499988707714;FALSE
894;FALSE;-3.62499993853271;FALSE;-4.625000173225999;FALSE;-3.5000000819563866;FALSE;-4.499999886378646;0;-4.062500020023435;FALSE
897;FALSE;-4.874999796971679;FALSE;-5.624999878928065;FALSE;-4.750000201165676;FALSE;-5.999999976251274;0;-5.312499963329174;FALSE
899;FALSE;-4.250000135973096;FALSE;-4.3749999506399035;FALSE;-4.624999959021807;FALSE;-4.249999972060323;0;-4.375000004423782;FALSE
908;FALSE;-0.875;FALSE;-1.25;FALSE;-1.5000000298023224;FALSE;-1.5000000298023224;0;-1.2812500149011612;FALSE
910;FALSE;-5.500000187661499;FALSE;-6.000000077299774;FALSE;-5.6250002009328455;FALSE;-5.375000154599547;0;-5.625000155123416;FALSE
921;FALSE;-0.75;FALSE;-0.5;FALSE;-0.5;FALSE;-1.2499999701976776;0;-0.7499999925494194;FALSE
926;FALSE;-0.5;FALSE;-1.2500000596046448;FALSE;-0.25;FALSE;-0.5;0;-0.6250000149011612;FALSE
931;FALSE;-2.125000089406967;FALSE;-2.249999962747097;FALSE;-1.874999925494194;FALSE;-1.7500000298023224;0;-2.000000001862645;FALSE
932;FALSE;-5.750000039348379;FALSE;-7.250000195868779;FALSE;-4.750000235624611;FALSE;-5.874999845866114;0;-5.906250079176971;FALSE
937;FALSE;-4.125000037252903;FALSE;-5.5000002309679985;FALSE;-4.1249998062849045;FALSE;-5.00000006519258;0;-4.6875000349245965;FALSE
942;FALSE;-0.5;FALSE;-1.2500000596046448;FALSE;-0.125;FALSE;-0.25;0;-0.5312500149011612;FALSE
945;FALSE;-3.6250000074505806;FALSE;-3.7500000949949026;FALSE;-3.9999999329447746;FALSE;-4.37500018812716;0;-3.9375000558793545;FALSE
964;FALSE;-0.125;FALSE;-0.375;FALSE;-0.25;FALSE;0.0;0;-0.1875;FALSE
968;FALSE;-3.375000026077032;FALSE;-5.249999970663339;FALSE;-3.6249999348074198;FALSE;-4.124999923631549;0;-4.093749963794835;FALSE
969;FALSE;-1.2500000298023224;FALSE;-1.3750000149011612;FALSE;-1.7500000447034836;FALSE;-2.749999985098839;0;-1.7812500186264515;FALSE
978;FALSE;-2.750000014901161;FALSE;-2.499999947845936;FALSE;-2.500000037252903;FALSE;-2.6249998956918716;0;-2.593749973922968;FALSE
985;FALSE;-1.0;FALSE;-1.1249999403953552;FALSE;-0.7499999701976776;FALSE;-0.4999999701976776;0;-0.8437499701976776;FALSE
1010;FALSE;-6.49999985541217;FALSE;-7.4375002136221156;FALSE;-7.125000030733645;FALSE;-6.500000224565156;0;-6.890625081083272;FALSE
1025;FALSE;-2.8749999701976776;FALSE;-2.875000037252903;FALSE;-2.625000014901161;FALSE;-3.374999888241291;0;-2.937499977648258;FALSE
1026;FALSE;-4.874999965541065;FALSE;-5.125000230036676;FALSE;-4.874999998137355;FALSE;-4.750000147148967;0;-4.906250085216016;FALSE
1040;FALSE;-5.374999898485839;FALSE;-6.124999832129106;FALSE;-6.000000205822289;FALSE;-6.249999766005203;0;-5.937499925610609;FALSE
1042;TRUE;1.25;TRUE;1.4999999403953552;TRUE;1.2499999701976776;TRUE;1.0000000298023224;4;1.2499999850988388;TRUE
1054;FALSE;-1.7500000298023224;FALSE;-1.875000074505806;FALSE;-1.6249999701976776;FALSE;-2.125000037252903;0;-1.8437500279396772;FALSE
1055;FALSE;-2.3749999701976776;FALSE;-2.500000089406967;FALSE;-1.9999999105930328;FALSE;-2.499999947845936;0;-2.3437499795109034;FALSE
1068;FALSE;-3.6249998826533556;FALSE;-4.000000081956387;FALSE;-4.250000149011612;FALSE;-3.75;0;-3.9062500284053385;FALSE
1069;FALSE;-3.374999925494194;FALSE;-4.000000048428774;FALSE;-3.624999927356839;FALSE;-4.37500012293458;0;-3.8437500060535967;FALSE
1072;FALSE;-0.8750000596046448;FALSE;-0.4999999701976776;FALSE;-0.125;FALSE;-0.625;0;-0.5312500074505806;FALSE
1084;FALSE;-5.5000001336447895;FALSE;-4.124999936670065;FALSE;-5.000000074505806;FALSE;-4.874999776482582;0;-4.874999980325811;FALSE
1086;FALSE;-3.3750000186264515;FALSE;-4.3749999944120646;FALSE;-4.124999914318323;FALSE;-4.625000034458935;0;-4.124999990453944;FALSE
1089;FALSE;-2.1249999552965164;FALSE;-3.3750000186264515;FALSE;-1.875;FALSE;-2.2499999403953552;0;-2.406249978579581;FALSE
1093;FALSE;-1.7500000149011612;FALSE;-2.624999910593033;FALSE;-1.2500000298023224;FALSE;-2.374999925494194;0;-1.9999999701976776;FALSE
1095;FALSE;-4.874999975785613;FALSE;-5.37500003632158;FALSE;-5.624999989755452;FALSE;-5.875000233994797;0;-5.4375000589643605;FALSE
102;FALSE;-3.74999993853271;FALSE;-4.4999999441206455;FALSE;-3.875000014901161;FALSE;-4.5000002309679985;0;-4.156250032130629;FALSE
122;FALSE;-3.374999910593033;FALSE;-3.3750000968575478;FALSE;-2.8750000298023224;FALSE;-4.249999988824129;0;-3.468750006519258;FALSE
125;FALSE;-4.749999889172614;FALSE;-6.250000016763806;FALSE;-5.375000210478902;FALSE;-5.6249998703133315;0;-5.499999996682163;FALSE
128;FALSE;-6.374999928986654;FALSE;-6.374999766936526;FALSE;-7.125000127241947;FALSE;-7.125000021129381;0;-6.749999961073627;FALSE
140;FALSE;-6.500000212108716;FALSE;-7.50000023166649;FALSE;-6.999999783234671;FALSE;-6.124999981140718;0;-6.781250052037649;FALSE
142;FALSE;-3.5000000651925802;FALSE;-5.000000160187483;FALSE;-3.499999914318323;FALSE;-3.7500000074505806;0;-3.9375000367872417;FALSE
161;FALSE;-3.750000102445483;FALSE;-4.00000000372529;FALSE;-3.4999998826533556;FALSE;-3.6249999031424522;0;-3.7187499729916453;FALSE
164;FALSE;-4.374999949708581;FALSE;-6.500000007450581;FALSE;-4.4999999376013875;FALSE;-5.000000078231096;0;-5.093749993247911;FALSE
170;FALSE;-3.1249998845160007;FALSE;-3.7499998919665813;FALSE;-3.6250000540167093;FALSE;-3.9999998565763235;0;-3.6249999217689037;FALSE
171;FALSE;-2.9999999962747097;FALSE;-3.374999947845936;FALSE;-2.4999999403953552;FALSE;-2.6250000596046448;0;-2.8749999860301614;FALSE
188;FALSE;-6.749999831430614;FALSE;-7.312499835155904;FALSE;-6.50000023317989;FALSE;-6.375000228756107;0;-6.734375032130629;FALSE
219;FALSE;-4.999999796971679;FALSE;-5.75000003981404;FALSE;-4.874999896157533;FALSE;-5.374999764375389;0;-5.24999987432966;FALSE
221;FALSE;-1.8749999105930328;FALSE;-2.125000022351742;FALSE;-2.5000001043081284;FALSE;-2.625000111758709;0;-2.281250037252903;FALSE
231;FALSE;-3.4999998845160007;FALSE;-5.124999937135726;FALSE;-3.87499993853271;FALSE;-4.250000017695129;0;-4.1874999444698915;FALSE
236;FALSE;-4.500000135973096;FALSE;-6.4999999741557986;FALSE;-6.125000063097104;FALSE;-3.9999999180436134;0;-5.281250022817403;FALSE
241;FALSE;-5.374999777413905;FALSE;-5.999999858206138;FALSE;-5.375000145286322;FALSE;-6.250000010011718;0;-5.7499999477295205;FALSE
249;FALSE;-6.500000194995664;FALSE;-7.249999943072908;FALSE;-6.499999847030267;FALSE;-6.62500008859206;0;-6.718750018422725;FALSE
255;FALSE;-4.250000154599547;FALSE;-3.6250001154839993;FALSE;-4.4999999748542905;FALSE;-3.875000052154064;0;-4.062500074272975;FALSE
271;FALSE;-2.9999999552965164;FALSE;-3.374999910593033;FALSE;-2.874999936670065;FALSE;-3.624999964609742;0;-3.218749941792339;FALSE
275;FALSE;-5.124999904073775;FALSE;-6.6249999408610165;FALSE;-6.499999819556251;FALSE;-6.250000107800588;0;-6.124999943072908;FALSE
277;FALSE;-3.749999998137355;FALSE;-4.375000154599547;FALSE;-4.250000047497451;FALSE;-3.2499999962747097;0;-3.906250049127266;FALSE
279;FALSE;-3.2499999292194843;FALSE;-3.2499999031424522;FALSE;-3.2499999068677425;FALSE;-3.7499999571591616;0;-3.37499992409721;FALSE
284;FALSE;-5.3749999441206455;FALSE;-6.0000000689178705;FALSE;-4.875000123400241;FALSE;-6.00000014109537;0;-5.562500069383532;FALSE
288;FALSE;-4.249999861232936;FALSE;-3.750000085681677;FALSE;-4.000000232830644;FALSE;-3.2500000074505806;0;-3.8125000467989594;FALSE
289;FALSE;-3.125000089406967;FALSE;-3.25;FALSE;-3.1250001080334187;FALSE;-3.6249999459832907;0;-3.281250035855919;FALSE
292;FALSE;-4.3749999441206455;FALSE;-5.3750000898726285;FALSE;-4.374999939464033;FALSE;-4.374999929219484;0;-4.624999975669198;FALSE
299;FALSE;-5.499999778345227;FALSE;-5.250000187661499;FALSE;-5.500000124797225;FALSE;-5.749999990453944;0;-5.500000020314474;FALSE
314;FALSE;-7.187500077416189;FALSE;-7.249999922176357;FALSE;-7.374999939755071;FALSE;-6.499999820487574;0;-7.078124939958798;FALSE
317;FALSE;-2.1250000596046448;FALSE;-2.4999998807907104;FALSE;-2.374999947845936;FALSE;-2.9999999068677425;0;-2.4999999487772584;FALSE
324;FALSE;-2.6250001043081284;FALSE;-2.9999999590218067;FALSE;-1.8749999701976776;FALSE;-2.250000037252903;0;-2.437500017695129;FALSE
327;FALSE;-6.374999970314093;FALSE;-7.749999783351086;FALSE;-6.374999978928827;FALSE;-5.875000204425305;0;-6.593749984254828;FALSE
329;FALSE;-8.187500432803063;FALSE;-8.49999994962127;FALSE;-8.250000455765985;FALSE;-9.249999769293936;0;-8.546875151871063;FALSE
332;FALSE;0.0;FALSE;-0.25;FALSE;0.0;TRUE;0.5;1;0.0625;FALSE
333;FALSE;-6.1250002277083695;FALSE;-6.625000176019967;FALSE;-6.374999929219484;FALSE;-6.875000089639798;0;-6.500000105646905;FALSE
341;FALSE;-5.375000114552677;FALSE;-7.562500134168658;FALSE;-6.499999934458174;FALSE;-6.124999899417162;0;-6.390625020649168;FALSE
342;FALSE;-4.6249999813735485;FALSE;-5.74999994924292;FALSE;-4.374999945051968;FALSE;-4.624999997206032;0;-4.843749968218617;FALSE
363;FALSE;-3.624999888241291;FALSE;-5.625000044703484;FALSE;-4.375000013038516;FALSE;-4.9999998500570655;0;-4.656249949010089;FALSE
376;FALSE;-5.2500002309679985;FALSE;-6.49999990791548;FALSE;-4.874999953433871;FALSE;-6.124999899417162;0;-5.687499997933628;FALSE
384;FALSE;-4.874999891035259;FALSE;-6.499999783467501;FALSE;-4.1249997820705175;FALSE;-5.1250001774169505;0;-5.156249908497557;FALSE
387;FALSE;-8.812500052241376;FALSE;-9.874999939434929;FALSE;-9.75000039319275;FALSE;-8.750000268162694;0;-9.296875163257937;FALSE
397;FALSE;-6.3749997827690095;FALSE;-6.499999994644895;FALSE;-6.750000082189217;FALSE;-6.375000041211024;0;-6.4999999752035365;FALSE
856807764357648;FALSE;-2.124999947845936;FALSE;-2.250000074505806;FALSE;-2.3750001043081284;FALSE;-1.9999999403953552;0;-2.1875000167638063;FALSE
858281024210322;FALSE;-5.375000108964741;FALSE;-4.999999837018549;FALSE;-5.249999832361937;FALSE;-5.500000043772161;0;-5.281249955529347;FALSE
1064801483558274;FALSE;-5.249999788589776;FALSE;-5.749999767867848;FALSE;-5.249999858438969;FALSE;-4.874999959021807;0;-5.2812498434796;FALSE
1052437511461338;FALSE;-5.500000168569386;FALSE;-5.875000107567757;FALSE;-5.124999768100679;FALSE;-6.2500002280576155;0;-5.687500068073859;FALSE
1056479314390491;FALSE;-1.6249999701976776;FALSE;-1.8750000298023224;FALSE;-1.9999999403953552;FALSE;-2.124999947845936;0;-1.9062499720603228;FALSE
885913861447038;FALSE;-3.125000026077032;FALSE;-3.8749999199062586;FALSE;-3.499999977648258;FALSE;-3.499999973922968;0;-3.499999974388629;FALSE
1134432016595220;FALSE;-1.7499999850988388;FALSE;-2.7500000558793545;FALSE;-1.9999998807907104;FALSE;-2.2500000298023224;0;-2.1874999878928065;FALSE
856827454355679;FALSE;-1.3750000298023224;FALSE;-1.6250000149011612;FALSE;-1.3749999850988388;FALSE;-1.6249999850988388;0;-1.5000000037252903;FALSE
885883718116719;FALSE;-8.062500312516931;FALSE;-8.500000385727617;FALSE;-8.249999575258698;FALSE;-8.31249967610347;0;-8.28124998740168;FALSE
1096354510402971;FALSE;-3.250000063329935;FALSE;-3.6250000800937414;FALSE;-2.6250001192092896;FALSE;-3.125000022351742;0;-3.156250071246177;FALSE
1120371751334580;FALSE;-0.375;FALSE;-0.5;TRUE;0.125;FALSE;-0.5;1;-0.3125;FALSE
1012236578814765;FALSE;-0.8750000298023224;FALSE;-1.3750000149011612;FALSE;-0.375;FALSE;-0.375;0;-0.7500000111758709;FALSE
1035362819835474;FALSE;-4.000000016763806;FALSE;-3.999999823048711;FALSE;-4.249999948777258;FALSE;-3.8749999217689037;0;-4.03124992758967;FALSE
1035126419859114;FALSE;-4.75000003259629;FALSE;-5.250000084750354;FALSE;-4.375000023283064;FALSE;-6.249999868334271;0;-5.156250002240995;FALSE
1035475253157564;TRUE;0.375;TRUE;1.0000000596046448;TRUE;0.25;TRUE;0.7499999403953552;4;0.59375;TRUE
882296985142059;FALSE;-5.9999997853301466;FALSE;-6.125000036554411;FALSE;-6.125000023748726;FALSE;-5.874999859370291;0;-6.031249926250894;FALSE
993976680640755;FALSE;-5.625000194646418;FALSE;-6.249999977415428;FALSE;-7.250000019848812;FALSE;-6.875000079511665;0;-6.500000067855581;FALSE
857155587656199;FALSE;-3.7500000055879354;FALSE;-3.3749999403953552;FALSE;-3.2499999664723873;FALSE;-4.750000006519258;0;-3.781249979743734;FALSE
885816324790125;FALSE;-5.749999817926437;FALSE;-6.12500003981404;FALSE;-6.375000055646524;FALSE;-6.374999925494194;0;-6.156249959720299;FALSE
982714731766950;FALSE;-4.999999864958227;FALSE;-5.374999852385372;FALSE;-4.499999891966581;FALSE;-5.375000001862645;0;-5.062499902793206;FALSE
1065896900115399;FALSE;-3.0000000931322575;FALSE;-3.000000074505806;FALSE;-3.2499998919665813;FALSE;-4.250000115483999;0;-3.375000043772161;FALSE
856850777686680;FALSE;-0.7499999403953552;FALSE;-0.25;TRUE;0.375;FALSE;-0.7499999701976776;1;-0.3437499776482582;FALSE
1057973827574373;FALSE;-1.9999999105930328;FALSE;-2.7499999701976776;FALSE;-2.0000000447034836;FALSE;-3.3750000670552254;0;-2.531249998137355;FALSE
894902177214873;FALSE;-3.750000098720193;FALSE;-3.0000001080334187;FALSE;-3.0000000409781933;FALSE;-3.499999962747097;0;-3.3125000526197255;FALSE
1111604542211301;FALSE;-3.3750000298023224;FALSE;-3.1249999180436134;FALSE;-3.125;FALSE;-3.8750001061707735;0;-3.3750000135041773;FALSE
982699218435168;FALSE;-1.1249999701976776;FALSE;-1.375;FALSE;-1.125;FALSE;-1.8749999552965164;0;-1.3749999813735485;FALSE
1111344048904017;FALSE;-9.500000011350494;FALSE;-9.937500136657036;FALSE;-10.25000036766869;FALSE;-9.62500000410364;0;-9.828125129944965;FALSE
856759284362496;FALSE;-1.8750000447034836;FALSE;-2.1249999552965164;FALSE;-1.5000000298023224;FALSE;-1.8749999403953552;0;-1.8437499925494194;FALSE
1063820983656324;FALSE;-2.500000111758709;FALSE;-2.500000074505806;FALSE;-1.8750000894069672;FALSE;-1.8750000596046448;0;-2.1875000838190317;FALSE
1055099767861779;FALSE;-5.249999890103936;FALSE;-5.625000080093741;FALSE;-5.999999930150807;FALSE;-5.874999948544428;0;-5.687499962223228;FALSE
882141611824263;FALSE;-5.750000129453838;FALSE;-4.87499979743734;FALSE;-6.249999996041879;FALSE;-5.624999813269824;0;-5.62499993405072;FALSE
894604520577972;FALSE;-2.000000074505806;FALSE;-1.8749999552965164;FALSE;-1.6250000447034836;FALSE;-1.6249999701976776;0;-1.781250011175871;FALSE
982705918434498;FALSE;-0.6250000298023224;FALSE;-0.375;FALSE;-1.2499999403953552;FALSE;-1.5000000298023224;0;-0.9375;FALSE
857562977615460;FALSE;-1.7500000298023224;FALSE;-1.6249999850988388;FALSE;-2.000000089406967;FALSE;-1.7500000298023224;0;-1.7812500335276127;FALSE
876404442397980;FALSE;-5.249999988358468;FALSE;-5.625000195112079;FALSE;-4.750000013038516;FALSE;-6.750000120373443;0;-5.5937500792206265;FALSE
1011539425551147;FALSE;-4.249999916180968;FALSE;-6.125000080792233;FALSE;-4.125000145286322;FALSE;-5.000000210478902;0;-4.875000088184606;FALSE
946527012052389;TRUE;0.375;TRUE;1.1249999403953552;TRUE;0.25;TRUE;0.7500000596046448;4;0.625;TRUE
982805195091237;FALSE;-4.25000018440187;FALSE;-3.500000052154064;FALSE;-3.999999864026904;FALSE;-3.6250000465661287;0;-3.8437500367872417;FALSE
994542180584205;FALSE;-1.6250000149011612;FALSE;-1.7499999701976776;FALSE;-1.4999999850988388;FALSE;-2.250000014901161;0;-1.7812499962747097;FALSE
857582850946806;TRUE;1.5000000447034836;TRUE;2.6250000670552254;TRUE;2.1249999031424522;TRUE;2.1249999552965164;4;2.0937499925494194;TRUE
982650408440049;FALSE;-3.375000011175871;FALSE;-3.249999914318323;FALSE;-3.249999951571226;FALSE;-3.999999973922968;0;-3.468749962747097;FALSE
858387490866342;FALSE;-1.5000000298023224;FALSE;-1.3750000298023224;FALSE;-1.5000000447034836;FALSE;-2.124999962747097;0;-1.6250000167638063;FALSE
1052382181466871;FALSE;-6.749999847030267;FALSE;-6.750000066589564;FALSE;-6.4999998637940735;FALSE;-6.749999994994141;0;-6.6874999431020115;FALSE
858080904230334;TRUE;0.25;TRUE;0.6250000298023224;TRUE;0.7500000596046448;TRUE;0.375;4;0.5000000223517418;TRUE
882997535072004;FALSE;-1.0000000298023224;FALSE;-1.2500000298023224;FALSE;-0.6249999403953552;TRUE;0.125;1;-0.6875;FALSE
876320855739672;FALSE;-4.624999771825969;FALSE;-4.00000018812716;FALSE;-4.625000208616257;FALSE;-3.999999823048711;0;-4.312499997904524;FALSE
894982943873463;FALSE;-2.249999910593033;FALSE;-3.0000000968575478;FALSE;-1.8749998807907104;FALSE;-2.499999985098839;0;-2.4062499683350325;FALSE
1035188559852900;FALSE;-4.625000208616257;FALSE;-4.999999763444066;FALSE;-4.499999763444066;FALSE;-5.750000101746991;0;-4.968749959312845;FALSE
858083867563371;FALSE;-3.500000052154064;FALSE;-4.375000111758709;FALSE;-2.7499999552965164;FALSE;-4.00000018440187;0;-3.65625007590279;FALSE
1010742025630887;FALSE;-0.4999999701976776;FALSE;-0.6249999403953552;TRUE;0.7499999701976776;FALSE;-0.125;1;-0.1249999850988388;FALSE
1010181712353585;FALSE;-1.8750000894069672;FALSE;-2.4999999031424522;FALSE;-1.8749998956918716;FALSE;-2.0000001192092896;0;-2.062500001862645;FALSE
1096056853766070;FALSE;-3.8749999795109034;FALSE;-3.500000111758709;FALSE;-3.999999890103936;FALSE;-3.2499999441206455;0;-3.6562499813735485;FALSE
856766961028395;FALSE;-1.4999999701976776;FALSE;-1.4999999850988388;FALSE;-1.5000000596046448;FALSE;-2.2499998956918716;0;-1.6874999776482582;FALSE
856881271016964;FALSE;-5.749999894062057;FALSE;-4.999999800696969;FALSE;-4.125000039115548;FALSE;-6.874999832827598;0;-5.437499891675543;FALSE
1010878322283924;FALSE;-1.6250000447034836;FALSE;-1.3750000149011612;FALSE;-1.1250000596046448;FALSE;-0.5;0;-1.1562500298023224;FALSE
856755394362885;FALSE;-6.0000000088475645;FALSE;-5.499999861698598;FALSE;-6.124999940162525;FALSE;-6.374999830266461;0;-5.999999910243787;FALSE
1044187685619654;FALSE;-2.3750000596046448;FALSE;-0.7500000298023224;FALSE;-1.7500000447034836;FALSE;-1.3750000298023224;0;-1.5625000409781933;FALSE
1035394633165626;FALSE;-1.6249999701976776;FALSE;-0.8750000298023224;FALSE;-1.3749999850988388;FALSE;-0.9999999403953552;0;-1.2187499813735485;FALSE
857861070918984;FALSE;-2.1249999925494194;FALSE;-2.0;FALSE;-1.8749999105930328;FALSE;-2.249999888241291;0;-2.062499947845936;FALSE
987839644587792;FALSE;-6.000000135973096;FALSE;-5.875000029569492;FALSE;-5.124999817926437;FALSE;-6.625000065774657;0;-5.90625001231092;FALSE
1035385173166572;FALSE;-6.374999963445589;FALSE;-7.687500014144462;FALSE;-7.374999888183083;FALSE;-6.875000195577741;0;-7.078125015337719;FALSE
982725431765880;FALSE;-4.874999975319952;FALSE;-3.9999999459832907;FALSE;-3.249999977648258;FALSE;-3.500000111758709;0;-3.9062500026775524;FALSE
1095903787114710;FALSE;-2.250000111758709;FALSE;-2.625000111758709;FALSE;-1.9999999850988388;FALSE;-2.3749999180436134;0;-2.3125000316649675;FALSE
1111395575565531;FALSE;-3.7499999962747097;FALSE;-4.3749998193234205;FALSE;-3.2499999441206455;FALSE;-4.499999781139195;0;-3.9687498852144927;FALSE
857878694250555;FALSE;-3.999999947845936;FALSE;-3.7500000447034836;FALSE;-4.249999982304871;FALSE;-4.37499981559813;0;-4.093749947613105;FALSE
857965927575165;FALSE;-3.4999999199062586;FALSE;-3.375000089406967;FALSE;-2.8750001080334187;FALSE;-2.3750000074505806;0;-3.0312500311993062;FALSE
857865334251891;FALSE;-4.874999945517629;FALSE;-5.124999810475856;FALSE;-4.999999876599759;FALSE;-4.87500017369166;0;-4.968749951571226;FALSE
1078364705535285;FALSE;-2.7500000596046448;FALSE;-2.4999998956918716;FALSE;-3.2500000037252903;FALSE;-2.124999910593033;0;-2.65624996740371;FALSE
1010261049012318;FALSE;-5.3750000153668225;FALSE;-5.124999853782356;FALSE;-3.8750000819563866;FALSE;-5.625000216066837;0;-5.0000000417931005;FALSE
1114210375284051;FALSE;-3.6250000707805157;FALSE;-3.374999988824129;FALSE;-2.8749999925494194;FALSE;-3.874999985098839;0;-3.4375000093132257;FALSE
987961191242304;FALSE;-2.9999999441206455;FALSE;-3.250000037252903;FALSE;-3.5;FALSE;-1.8749999552965164;0;-2.9062499841675162;FALSE
857184320986659;FALSE;-4.25000012665987;FALSE;-4.875000226777047;FALSE;-4.12499987706542;FALSE;-4.250000034458935;0;-4.375000066240318;FALSE
1056682167703539;FALSE;-3.1249999068677425;FALSE;-3.3750000447034836;FALSE;-3.250000085681677;FALSE;-3.9999999459832907;0;-3.4374999958090484;FALSE
856775407694217;FALSE;-6.999999799882062;FALSE;-6.500000218045898;FALSE;-7.375000104249921;FALSE;-7.125000096333679;0;-7.00000005462789;FALSE
894861440552280;FALSE;-2.125000037252903;FALSE;-1.6249999850988388;FALSE;-1.3749999403953552;FALSE;-1.8749999701976776;0;-1.7499999832361937;FALSE
1043805732324516;FALSE;-3.2499999552965164;FALSE;-4.499999932944775;FALSE;-3.374999962747097;FALSE;-3.6250000819563866;0;-3.6874999832361937;FALSE
1069104509794638;FALSE;-3.1249999590218067;FALSE;-3.000000074505806;FALSE;-2.5000000596046448;FALSE;-3.6250000912696123;0;-3.0625000461004674;FALSE
856859501019141;FALSE;-1.1250000298023224;FALSE;-1.25;FALSE;-1.0000000596046448;FALSE;-1.25;0;-1.1562500223517418;FALSE
857133304325094;FALSE;-6.750000051804818;FALSE;-7.125000001047738;FALSE;-6.874999909196049;FALSE;-6.375000165891834;0;-6.78125003198511;FALSE
1107834549254967;FALSE;-7.249999926425517;FALSE;-6.1249997958075255;FALSE;-6.875000194530003;FALSE;-6.625000120606273;0;-6.71875000934233;FALSE
1107927955912293;FALSE;-4.1249998938292265;FALSE;-3.874999985098839;FALSE;-3.000000014901161;FALSE;-3.499999951571226;0;-3.624999961350113;FALSE
857385960966495;FALSE;-3.374999973922968;FALSE;-2.4999998956918716;FALSE;-3.1250000596046448;FALSE;-1.9999999850988388;0;-2.749999978579581;FALSE
858004444237980;FALSE;-1.2500000298023224;FALSE;-1.0000000596046448;FALSE;-1.4999999701976776;FALSE;-1.2499999403953552;0;-1.25;FALSE
856752441029847;FALSE;-3.0000000558793545;FALSE;-2.8749999441206455;FALSE;-3.0000001080334187;FALSE;-3.4999999403953552;0;-3.0937500121071935;FALSE
1010211992350557;FALSE;-5.874999839346856;FALSE;-6.124999975785613;FALSE;-5.3749998840503395;FALSE;-6.375000164262019;0;-5.937499965861207;FALSE
885325638172527;FALSE;-6.750000022700988;FALSE;-7.5000001969747245;FALSE;-6.625000174622983;FALSE;-6.999999911291525;0;-6.968750076397555;FALSE
883191225052635;FALSE;-0.8749999701976776;FALSE;0.0;FALSE;-0.7500000298023224;TRUE;0.5;1;-0.28125;FALSE
856919257679832;FALSE;-3.625000001862645;FALSE;-3.9999997690320015;FALSE;-3.375000063329935;FALSE;-3.625000100582838;0;-3.656249983701855;FALSE
968068033231620;FALSE;-5.8750000258442014;FALSE;-5.750000165542588;FALSE;-5.999999910593033;FALSE;-6.250000115600415;0;-5.968750054395059;FALSE
894869530551471;FALSE;-0.75;FALSE;0.0;FALSE;-0.6249999701976776;FALSE;-1.2499999403953552;0;-0.6562499776482582;FALSE
855053611199730;FALSE;-2.0000000447034836;FALSE;-1.8749999552965164;FALSE;-1.25;FALSE;-1.5000000149011612;0;-1.6562500037252903;FALSE
866183913420033;TRUE;0.5;TRUE;1.125;TRUE;1.0;TRUE;0.375;4;0.75;TRUE
855030737868684;TRUE;2.0000000298023224;TRUE;3.1250000931322575;TRUE;2.375000111758709;TRUE;2.749999899417162;4;2.5625000335276127;TRUE
945893725449051;FALSE;-3.0000001080334187;FALSE;-2.9999999217689037;FALSE;-2.124999925494194;FALSE;-3.3750001080334187;0;-2.8750000158324838;FALSE
1057975604240862;FALSE;-5.125000203028321;FALSE;-4.24999990966171;FALSE;-3.499999923631549;FALSE;-6.0000000284053385;0;-4.71875001618173;FALSE
958055327566224;FALSE;-5.375000218395144;FALSE;-5.624999982304871;FALSE;-5.624999789753929;FALSE;-5.624999778578058;0;-5.562499942258;FALSE
987835274588229;FALSE;-6.625000188243575;FALSE;-5.999999959487468;FALSE;-6.124999948777258;FALSE;-5.875000059371814;0;-6.156250038970029;FALSE
894605143911243;FALSE;-4.3750002309679985;FALSE;-5.2499997690320015;FALSE;-4.374999797903001;FALSE;-4.7499997997656465;0;-4.687499899417162;FALSE
960888313949592;FALSE;-6.124999898485839;FALSE;-6.49999993131496;FALSE;-6.749999972758815;FALSE;-6.499999858089723;0;-6.468749915162334;FALSE
1106488099389612;FALSE;-7.625000055588316;FALSE;-7.249999959953129;FALSE;-7.500000070838723;FALSE;-7.749999986030161;0;-7.5312500181025825;FALSE
1111481958890226;FALSE;-3.7500000819563866;FALSE;-3.874999901279807;FALSE;-3.124999985098839;FALSE;-3.5000000447034836;0;-3.562500003259629;FALSE
991405904231166;FALSE;-7.687499801104423;FALSE;-7.37499977677362;FALSE;-7.375000054831617;FALSE;-8.187500398984412;0;-7.656250007923518;FALSE
994000477305042;FALSE;-2.9999999403953552;FALSE;-3.6250000316649675;FALSE;-2.2500000819563866;FALSE;-2.624999925494194;0;-2.874999994877726;FALSE
1152523058119449;FALSE;-4.375000168569386;FALSE;-3.750000001862645;FALSE;-3.124999947845936;FALSE;-3.5000000800937414;0;-3.687500049592927;FALSE
1134646326573789;FALSE;-2.6249999031424522;FALSE;-2.499999910593033;FALSE;-2.374999985098839;FALSE;-1.8750000447034836;0;-2.343749960884452;FALSE
894755883896169;FALSE;-4.62500006146729;FALSE;-3.999999763444066;FALSE;-3.8750000800937414;FALSE;-4.74999984446913;0;-4.312499937368557;FALSE
1018218288216594;FALSE;-2.499999985098839;FALSE;-3.124999936670065;FALSE;-1.875;FALSE;-3.0000001080334187;0;-2.6250000074505806;FALSE
1066462050058884;FALSE;-0.5;FALSE;-0.5;FALSE;-1.0;TRUE;0.375;1;-0.40625;FALSE
977246905647066;FALSE;-6.3749997853301466;FALSE;-7.375000237603672;FALSE;-6.875000033644028;FALSE;-6.749999993829988;0;-6.843750012601959;FALSE
858381114200313;FALSE;-3.7499999795109034;FALSE;-3.750000072643161;FALSE;-2.7499999292194843;FALSE;-4.00000006519258;0;-3.562500011641532;FALSE
987849521253471;FALSE;-5.499999863561243;FALSE;-5.124999885447323;FALSE;-5.2500000349245965;FALSE;-5.000000226777047;0;-5.218750002677552;FALSE
951909251514165;FALSE;-4.999999838415533;FALSE;-3.874999986961484;FALSE;-4.12499993853271;FALSE;-5.500000176485628;0;-4.624999985098839;FALSE
1096013603770395;FALSE;-2.2500000819563866;FALSE;-2.375000022351742;FALSE;-2.499999977648258;FALSE;-2.7500000186264515;0;-2.4687500251457095;FALSE
1134129349958820;FALSE;-2.7500000596046448;FALSE;-2.749999936670065;FALSE;-2.3749999701976776;FALSE;-1.999999925494194;0;-2.4687499729916453;FALSE
882773735094384;FALSE;-6.125000055646524;FALSE;-5.749999926192686;FALSE;-6.500000042025931;FALSE;-5.75000000721775;0;-6.031250007770723;FALSE
1096374720400950;FALSE;-1.1250000298023224;FALSE;-1.625;FALSE;-1.3749999552965164;FALSE;-2.0000000298023224;0;-1.5312500037252903;FALSE
857401937631564;FALSE;-3.5000000558793545;FALSE;-3.1249999701976776;FALSE;-3.4999999180436134;FALSE;-3.3749999329447746;0;-3.374999969266355;FALSE
856748331030258;FALSE;-4.624999877996743;FALSE;-4.874999901745468;FALSE;-4.874999914318323;FALSE;-4.624999866820872;0;-4.7499998902203515;FALSE
1055748544463568;FALSE;-4.500000171363354;FALSE;-4.375000189058483;FALSE;-4.749999888241291;FALSE;-4.624999971129;0;-4.562500054948032;FALSE
1011488382222918;FALSE;-4.875000167638063;FALSE;-5.124999931547791;FALSE;-4.875000187661499;FALSE;-5.2500002179294825;0;-5.031250126194209;FALSE
1096051250433297;FALSE;-6.624999891733751;FALSE;-7.3749998969142325;FALSE;-6.624999911058694;FALSE;-5.499999810010195;0;-6.531249877429218;FALSE
982654558439634;FALSE;-6.374999959953129;FALSE;-5.8749999741557986;FALSE;-6.37499997636769;FALSE;-5.999999896157533;0;-6.156249951658538;FALSE
1056478224390600;FALSE;-5.499999904073775;FALSE;-5.6249999068677425;FALSE;-6.500000146916136;FALSE;-5.374999925494194;0;-5.749999970837962;FALSE
855030791202012;FALSE;-3.6250000596046448;FALSE;-3.9999999925494194;FALSE;-3.625000074505806;FALSE;-3.3750000447034836;0;-3.6562500428408384;FALSE
935285619843195;FALSE;0.0;TRUE;0.125;FALSE;-0.125;TRUE;0.5;2;0.125;TRUE
885321434839614;FALSE;-6.375000131549314;FALSE;-6.375000125728548;FALSE;-6.499999789870344;FALSE;-5.375000118277967;0;-6.156250041356543;FALSE
858383410866750;TRUE;0.125;TRUE;0.25;FALSE;-0.25;FALSE;-0.8750000298023224;2;-0.1875000074505806;FALSE
1095997247105364;FALSE;-4.499999979510903;FALSE;-5.749999961815774;FALSE;-4.999999972060323;FALSE;-6.500000106985681;0;-5.43750000509317;FALSE
857762814262143;FALSE;-4.3749998938292265;FALSE;-4.500000010244548;FALSE;-4.625000118277967;FALSE;-4.375000171363354;0;-4.468750048428774;FALSE
1011458982225858;FALSE;-9.374999537481926;FALSE;-8.625000382438884;FALSE;-9.124999773703166;FALSE;-8.624999660809408;0;-8.937499838608346;FALSE
995792297125860;FALSE;-3.6250000651925802;FALSE;-3.749999936670065;FALSE;-3.1249999552965164;FALSE;-3.749999988824129;0;-3.5624999864958227;FALSE
857404954297929;FALSE;-4.750000030733645;FALSE;-3.7500000968575478;FALSE;-4.875000030267984;FALSE;-3.999999810010195;0;-4.343749991967343;FALSE
1052403691464720;FALSE;-5.750000070780516;FALSE;-6.250000179279596;FALSE;-4.750000236555934;FALSE;-5.624999990919605;0;-5.5937501193839125;FALSE
1018199771551779;FALSE;-4.374999853782356;FALSE;-4.124999901279807;FALSE;-4.1250002179294825;FALSE;-4.499999979510903;0;-4.281249988125637;FALSE
993956067309483;FALSE;-2.6249999925494194;FALSE;-2.7500000298023224;FALSE;-2.250000014901161;FALSE;-3.374999888241291;0;-2.7499999813735485;FALSE
856765374361887;FALSE;-0.125;FALSE;0.0;TRUE;0.125;TRUE;0.6250000596046448;2;0.1562500149011612;TRUE
856996367672121;FALSE;-0.875;FALSE;-0.8750000596046448;FALSE;-1.5000000149011612;FALSE;-0.125;0;-0.8437500186264515;FALSE
1056924967679259;FALSE;-1.3749999552965164;FALSE;-1.5000000149011612;FALSE;-1.0000000298023224;FALSE;-1.9999998956918716;0;-1.468749973922968;FALSE
1055961211108968;FALSE;-9.500000242675014;FALSE;-8.999999534586095;FALSE;-9.62500001314038;FALSE;-11.624999880868927;0;-9.937499917817604;FALSE
1123530234352065;FALSE;-2.2499999031424522;FALSE;-2.124999977648258;FALSE;-1.2499999403953552;FALSE;-1.9999999403953552;0;-1.9062499403953552;FALSE
1057726010932488;FALSE;-1.6250000298023224;FALSE;-1.7500000298023224;FALSE;-1.2499999701976776;FALSE;-1.9999999105930328;0;-1.6562499850988388;FALSE
935293286509095;TRUE;1.2499999403953552;TRUE;1.9999999701976776;TRUE;1.8749999105930328;TRUE;1.875;4;1.7499999552965164;TRUE
982735215098235;FALSE;-2.4999999925494194;FALSE;-3.000000111758709;FALSE;-2.500000052154064;FALSE;-1.8750001043081284;0;-2.4687500651925802;FALSE
857522777619480;FALSE;-2.499999962747097;FALSE;-2.5000000968575478;FALSE;-2.4999999403953552;FALSE;-3.6249999720603228;0;-2.7812499930150807;FALSE
1043607289011027;FALSE;-6.000000236555934;FALSE;-5.749999813269824;FALSE;-5.500000120606273;FALSE;-6.374999979161657;0;-5.906250037398422;FALSE
856953877676370;FALSE;-5.75000008335337;FALSE;-5.750000121537596;FALSE;-5.624999770428985;FALSE;-5.250000105705112;0;-5.593750020256266;FALSE
1095907320447690;FALSE;-5.874999925028533;FALSE;-5.8749998055864125;FALSE;-5.500000177882612;FALSE;-6.250000032130629;0;-5.8749999851570465;FALSE
856737934364631;FALSE;-6.74999981012661;FALSE;-6.624999972176738;FALSE;-6.3750000117579475;FALSE;-7.3749998469720595;0;-6.781249910258339;FALSE
857799457591812;FALSE;-5.374999952502549;FALSE;-4.999999992549419;FALSE;-4.624999941326678;FALSE;-6.750000089989044;0;-5.437499994091922;FALSE
882747821763642;FALSE;-4.125000163912773;FALSE;-3.7499999087303877;FALSE;-4.249999914318323;FALSE;-4.000000121071935;0;-4.031250027008355;FALSE
882689431769481;FALSE;-2.750000063329935;FALSE;-2.249999888241291;FALSE;-2.7500000037252903;FALSE;-2.000000074505806;0;-2.4375000074505806;FALSE
1035120493193040;FALSE;-3.1250000558793545;FALSE;-3.500000052154064;FALSE;-3.7499999087303877;FALSE;-4.624999926425517;0;-3.7499999857973307;FALSE
1105430052828750;FALSE;-6.8749999480787665;FALSE;-7.250000201980583;FALSE;-7.000000148895197;FALSE;-7.875000196159817;0;-7.250000123778591;FALSE
894688973902860;FALSE;-2.500000089406967;FALSE;-3.1249999441206455;FALSE;-2.5;FALSE;-2.874999888241291;0;-2.749999980442226;FALSE
951531758218581;FALSE;-5.249999942258;FALSE;-5.5000001904554665;FALSE;-6.000000128988177;FALSE;-5.249999857507646;0;-5.500000029802322;FALSE
1007153202656436;FALSE;-4.374999805353582;FALSE;-4.625000011175871;FALSE;-3.999999923631549;FALSE;-5.624999919906259;0;-4.656249915016815;FALSE
1095901760448246;FALSE;-4.875000095460564;FALSE;-5.249999953433871;FALSE;-5.125000194180757;FALSE;-4.874999835621566;0;-5.031250019674189;FALSE
982663445105412;FALSE;-6.499999951571226;FALSE;-5.124999774619937;FALSE;-5.750000043073669;FALSE;-5.625000090105459;0;-5.749999964842573;FALSE
856898061015285;FALSE;-5.875000154133886;FALSE;-6.624999883119017;FALSE;-5.749999914783984;FALSE;-5.874999886378646;0;-6.031249959603883;FALSE
991366324235124;FALSE;-7.624999790918082;FALSE;-6.9999999549472705;FALSE;-7.75000018987339;FALSE;-7.999999830120942;0;-7.593749941464921;FALSE
1069531946418561;FALSE;-3.249999973922968;FALSE;-3.250000048428774;FALSE;-2.6250000596046448;FALSE;-3.624999901279807;0;-3.1874999958090484;FALSE
982657661772657;FALSE;-4.624999820254743;FALSE;-4.000000085681677;FALSE;-4.249999892897904;FALSE;-5.2499997625127435;0;-4.531249890336767;FALSE
1095903190448103;FALSE;-1.1249999701976776;FALSE;-0.7499999403953552;FALSE;-1.2499999701976776;FALSE;-1.1249999701976776;0;-1.062499962747097;FALSE
857187207653037;FALSE;-4.500000045634806;FALSE;-3.874999975785613;FALSE;-4.999999849125743;FALSE;-4.249999853782356;0;-4.4062499310821295;FALSE
1043595395678883;FALSE;-2.624999962747097;FALSE;-2.5;FALSE;-2.750000048428774;FALSE;-1.8749999850988388;0;-2.4374999990686774;FALSE
1091859324185823;FALSE;-7.062499974912498;FALSE;-7.37499986437615;FALSE;-7.750000112748239;FALSE;-6.749999985913746;0;-7.234374984487658;FALSE
857911500913941;FALSE;-2.499999985098839;FALSE;-2.500000089406967;FALSE;-2.2499999180436134;FALSE;-3.750000100582838;0;-2.7500000232830644;FALSE
1035503666488056;FALSE;-1.25;FALSE;-1.3750000149011612;FALSE;-1.125;FALSE;-1.25;0;-1.2500000037252903;FALSE
966993583339065;FALSE;-6.750000174972229;FALSE;-6.49999976682011;FALSE;-7.124999976251274;FALSE;-6.500000191968866;0;-6.71875002750312;FALSE
1134113359960419;FALSE;-1.6249999701976776;FALSE;-1.999999925494194;FALSE;-1.7500000149011612;FALSE;-1.4999999701976776;0;-1.7187499701976776;FALSE
1007149219323501;FALSE;-4.000000046566129;FALSE;-4.250000132247806;FALSE;-4.125000132247806;FALSE;-3.624999951571226;0;-4.0000000656582415;FALSE
960892100615880;FALSE;-6.7499997896375135;FALSE;-7.500000181258656;FALSE;-7.500000178406481;FALSE;-6.624999851104803;0;-7.093750000101863;FALSE
1121712141200541;FALSE;-5.499999860767275;FALSE;-4.750000210478902;FALSE;-3.8749999068677425;FALSE;-4.374999913387001;0;-4.62499997287523;FALSE
856751777696580;FALSE;-2.2499999031424522;FALSE;-3.2500000409781933;FALSE;-1.8749999552965164;FALSE;-1.5000000298023224;0;-2.218749982304871;FALSE
1052485168123239;FALSE;-5.625000217696652;FALSE;-6.124999970430508;FALSE;-5.875000184169039;FALSE;-6.624999950872734;0;-6.062500080792233;FALSE
1124045034300585;FALSE;-4.874999827705324;FALSE;-4.000000111758709;FALSE;-3.8750000055879354;FALSE;-4.000000186264515;0;-4.187500032829121;FALSE
952398704798553;FALSE;-1.125;FALSE;-1.25;FALSE;-0.4999999701976776;FALSE;-1.1250000298023224;0;-1.0;FALSE
1035118139859942;FALSE;-4.1250000055879354;FALSE;-4.74999984446913;FALSE;-6.375000147148967;FALSE;-3.749999901279807;0;-4.74999997462146;FALSE
982691665102590;FALSE;-4.999999823048711;FALSE;-4.499999864026904;FALSE;-4.749999804422259;FALSE;-4.750000011175871;0;-4.749999875668436;FALSE
882474655124292;FALSE;-5.9999999140854925;FALSE;-5.3750000558793545;FALSE;-5.750000210246071;FALSE;-6.0000000055879354;0;-5.781250046449713;FALSE
1055294001175689;FALSE;-4.999999784398824;FALSE;-6.125000045867637;FALSE;-5.375000129919499;FALSE;-4.8749998873099685;0;-5.343749961873982;FALSE
1095900563781699;FALSE;-4.124999918043613;FALSE;-4.374999895691872;FALSE;-4.124999836087227;FALSE;-3.500000072643161;0;-4.031249930616468;FALSE
1134114236626998;FALSE;-1.7500000298023224;FALSE;-1.3749999403953552;FALSE;-1.999999925494194;FALSE;-1.625;0;-1.687499973922968;FALSE
856856254352799;FALSE;-6.500000086612999;FALSE;-6.375000035390258;FALSE;-6.875000226660632;FALSE;-6.9999998504063115;0;-6.68750004976755;FALSE
857399697631788;FALSE;-0.8750000596046448;FALSE;-0.6250000298023224;FALSE;0.0;TRUE;0.125;1;-0.3437500223517418;FALSE
982641448440945;FALSE;-4.750000141561031;FALSE;-4.624999847263098;FALSE;-4.125000044703484;FALSE;-4.999999798368663;0;-4.624999957974069;FALSE
1152511861453902;FALSE;-3.8749999459832907;FALSE;-3.7499998845160007;FALSE;-3.1249999403953552;FALSE;-3.1250001080334187;0;-3.4687499697320163;FALSE
1078313008873788;FALSE;-8.312499837367795;FALSE;-9.062500275293132;FALSE;-9.687500251515303;FALSE;-8.937500015061232;0;-9.000000094809366;FALSE
885842891454135;FALSE;-4.625000206753612;FALSE;-5.249999932944775;FALSE;-5.250000023283064;FALSE;-5.49999978300184;0;-5.156249986495823;FALSE
882103838494707;FALSE;-6.999999951920472;FALSE;-6.749999904655851;FALSE;-7.375000030209776;FALSE;-8.812499774299795;0;-7.484374915271474;FALSE
1096085530429869;FALSE;-3.8750000298023224;FALSE;-3.9999998044222593;FALSE;-2.7500000409781933;FALSE;-3.7500000316649675;0;-3.5937499767169356;FALSE
1055087874529635;FALSE;-8.500000172964064;FALSE;-7.875000116619049;FALSE;-8.750000147600076;FALSE;-8.312500156636816;0;-8.359375148455001;FALSE
935267229845034;FALSE;-2.4999999180436134;FALSE;-3.1250000819563866;FALSE;-2.2500000298023224;FALSE;-2.750000052154064;0;-2.6562500204890966;FALSE
988494257855664;FALSE;-7.625000145868398;FALSE;-7.124999767285772;FALSE;-8.250000043422915;FALSE;-7.750000218715286;0;-7.687500043823093;FALSE
856769697694788;FALSE;-1.2500000596046448;FALSE;-1.3750000447034836;FALSE;-1.3750000298023224;FALSE;-1.125;0;-1.2812500335276127;FALSE
951905694847854;FALSE;-5.250000006519258;FALSE;-4.4999999376013875;FALSE;-4.499999919906259;FALSE;-4.749999897554517;0;-4.749999940395355;FALSE
856753821029709;TRUE;2.0000000447034836;TRUE;2.2500000819563866;TRUE;2.1250000447034836;TRUE;2.499999962747097;4;2.2187500335276127;TRUE
1055244727847283;FALSE;-4.12499987706542;FALSE;-4.0000000689178705;FALSE;-4.874999793246388;FALSE;-3.624999886378646;0;-4.156249906402081;FALSE
882941191744305;FALSE;-4.74999990593642;FALSE;-4.499999971129;FALSE;-5.125000040978193;FALSE;-4.625000140629709;0;-4.7500000146683306;FALSE
1134177726620649;FALSE;-5.12500014109537;FALSE;-5.249999763909727;FALSE;-5.500000027939677;FALSE;-5.999999823747203;0;-5.468749939172994;FALSE
987838597921230;FALSE;-0.8749999403953552;FALSE;-1.125;FALSE;-0.25;FALSE;-0.375;0;-0.6562499850988388;FALSE
1012912115413878;FALSE;-5.000000099185854;FALSE;-3.999999850988388;FALSE;-3.8749999720603228;FALSE;-3.624999949708581;0;-4.1249999679857865;FALSE
1096009710437451;FALSE;-1.625;FALSE;-1.9999999552965164;FALSE;-1.9999999403953552;FALSE;-2.2499999403953552;0;-1.9687499590218067;FALSE
894604463911311;FALSE;-4.74999987334013;FALSE;-5.375000237021595;FALSE;-4.874999850988388;FALSE;-5.249999779742211;0;-5.062499935273081;FALSE
1011281775576912;FALSE;-7.750000006170012;FALSE;-6.874999863211997;FALSE;-7.499999828170985;FALSE;-8.124999808787834;0;-7.562499876585207;FALSE
1010701588968264;FALSE;-8.374999560212018;FALSE;-7.812499857041985;FALSE;-8.124999823223334;FALSE;-8.374999911320629;0;-8.171874787949491;FALSE
1052524484785974;FALSE;-4.499999953433871;FALSE;-4.500000234693289;FALSE;-5.125000041443855;FALSE;-5.499999842140824;0;-4.90625001792796;FALSE
882013501837074;FALSE;-2.1249999925494194;FALSE;-1.6250000596046448;FALSE;-0.375;FALSE;-0.375;0;-1.125000013038516;FALSE
1031102786928144;FALSE;-6.1249999855645;FALSE;-6.250000150175765;FALSE;-6.62499990966171;FALSE;-7.2500000253203325;0;-6.562500017680577;FALSE
856756514362773;FALSE;-3.749999947845936;FALSE;-4.000000108033419;FALSE;-3.7500000782310963;FALSE;-3.3749998845160007;0;-3.718750004656613;FALSE
858407724197652;TRUE;0.375;FALSE;0.0;FALSE;-0.125;FALSE;-0.6250000298023224;1;-0.0937500074505806;FALSE
925532680818489;FALSE;-3.7500000465661287;FALSE;-4.500000229105353;FALSE;-3.9999998155981302;FALSE;-4.874999925959855;0;-4.281250004307367;FALSE
1095998413771914;FALSE;-3.125000037252903;FALSE;-3.000000011175871;FALSE;-3.0000000707805157;FALSE;-4.125000020489097;0;-3.3125000349245965;FALSE
1105766226128466;FALSE;-4.875000051222742;FALSE;-5.125000095926225;FALSE;-5.249999827239662;FALSE;-5.124999983236194;0;-5.093749989406206;FALSE
961161183922305;FALSE;-2.7500000186264515;FALSE;-2.999999985098839;FALSE;-2.3749999403953552;FALSE;-2.624999925494194;0;-2.68749996740371;FALSE
855623331142758;FALSE;-2.3749998807907104;FALSE;-2.874999925494194;FALSE;-1.8749999552965164;FALSE;-1.3749999701976776;0;-2.1249999329447746;FALSE
1134503489921406;FALSE;-1.7499999403953552;FALSE;-2.2499999925494194;FALSE;-2.125000111758709;FALSE;-2.3749999329447746;0;-2.1249999944120646;FALSE
925336694171421;FALSE;-3.249999925494194;FALSE;-3.374999962747097;FALSE;-3.500000035390258;FALSE;-3.7500000055879354;0;-3.468749982304871;FALSE
856786354359789;FALSE;-7.749999994732207;FALSE;-7.374999993131496;FALSE;-8.312500038766302;FALSE;-7.437499945284799;0;-7.718749992978701;FALSE
1065311410173948;FALSE;-3.2499999031424522;FALSE;-3.3750000335276127;FALSE;-3.000000026077032;FALSE;-3.8750000428408384;0;-3.375000001396984;FALSE
1134074566630965;FALSE;-1.0000000298023224;FALSE;-1.3749999403953552;FALSE;-0.6250000298023224;FALSE;-0.5000000298023224;0;-0.8750000074505806;FALSE
1134131393291949;FALSE;-2.6250000670552254;FALSE;-2.2499999403953552;FALSE;-2.375000111758709;FALSE;-1.6249999850988388;0;-2.218750026077032;FALSE
856793454359079;FALSE;-1.6250000447034836;FALSE;-1.7499999552965164;FALSE;-1.2500000298023224;FALSE;-0.7500000298023224;0;-1.3437500149011612;FALSE
1065497540155335;FALSE;-3.000000074505806;FALSE;-2.624999947845936;FALSE;-1.9999999105930328;FALSE;-4.125000085681677;0;-2.937500004656613;FALSE
1044154488956307;FALSE;-6.5000001640291885;FALSE;-5.874999800231308;FALSE;-6.249999953666702;FALSE;-6.37499980640132;0;-6.2499999310821295;FALSE
1038674832837606;FALSE;-5.625000227242708;FALSE;-6.124999798135832;FALSE;-5.375000129453838;FALSE;-6.1250000526197255;0;-5.812500051863026;FALSE
1065262416845514;FALSE;-5.125000116880983;FALSE;-5.125000087078661;FALSE;-5.250000048894435;FALSE;-5.625000009313226;0;-5.281250065541826;FALSE
968021429902947;FALSE;-5.249999923165888;FALSE;-5.625000173924491;FALSE;-4.875000024214387;FALSE;-4.499999911524355;0;-5.06250000820728;FALSE
1007581069280316;FALSE;-2.375000022351742;FALSE;-2.2499999403953552;FALSE;-2.1250000447034836;FALSE;-2.2499999180436134;0;-2.2499999813735485;FALSE
1152562998115455;FALSE;-3.3749999552965164;FALSE;-2.4999999180436134;FALSE;-2.749999914318323;FALSE;-3.000000111758709;0;-2.9062499748542905;FALSE
1058148984223524;FALSE;-3.8749999310821295;FALSE;-3.749999977648258;FALSE;-3.8750000819563866;FALSE;-4.124999837949872;0;-3.9062499571591616;FALSE
1107842745920814;FALSE;-4.125000163912773;FALSE;-4.6249999441206455;FALSE;-5.249999958556145;FALSE;-5.250000056345016;0;-4.812500030733645;FALSE
1134074556630966;FALSE;-3.0000000074505806;FALSE;-3.75000006146729;FALSE;-2.7500000447034836;FALSE;-3.2500001154839993;0;-3.1875000572763383;FALSE
894603030578121;FALSE;-4.250000008381903;FALSE;-3.9999999534338713;FALSE;-3.3750001043081284;FALSE;-3.4999999683350325;0;-3.781250008614734;FALSE
935302986508125;FALSE;-2.8749999031424522;FALSE;-2.6250000596046448;FALSE;-3.250000048428774;FALSE;-2.375000089406967;0;-2.7812500251457095;FALSE
982779065093850;FALSE;-6.375000037136488;FALSE;-5.999999780906364;FALSE;-5.999999956926331;FALSE;-6.750000230851583;0;-6.2812500014551915;FALSE
1152506528121102;FALSE;-4.374999845400453;FALSE;-4.624999929219484;FALSE;-4.12499993853271;FALSE;-3.999999849125743;0;-4.2812498905695975;FALSE
1065204863517936;FALSE;-2.874999977648258;FALSE;-3.125000089406967;FALSE;-2.7500001080334187;FALSE;-4.250000076368451;0;-3.250000062864274;FALSE
935470579824699;FALSE;-4.62499990966171;FALSE;-4.749999905005097;FALSE;-4.750000154599547;FALSE;-5.8750001336447895;0;-5.000000025727786;FALSE
1007471619291261;FALSE;-1.7500000447034836;FALSE;-1.7499999850988388;FALSE;-1.2499999701976776;FALSE;-0.8749999701976776;0;-1.4062499925494194;FALSE
1107839009254521;FALSE;-1.0000000596046448;FALSE;-0.125;FALSE;-0.375;FALSE;-0.875;0;-0.5937500149011612;FALSE
1011577875547302;FALSE;-2.999999985098839;FALSE;-2.8750000707805157;FALSE;-3.250000111758709;FALSE;-3.124999951571226;0;-3.0625000298023224;FALSE
886143938090697;FALSE;-1.7499999552965164;FALSE;-1.4999999850988388;FALSE;-1.4999999552965164;FALSE;-3.0000000819563866;0;-1.9374999944120646;FALSE
1107874059251016;FALSE;-4.249999862164259;FALSE;-4.249999823980033;FALSE;-3.9999999925494194;FALSE;-4.8750002034939826;0;-4.343749970546924;FALSE
962181420486948;FALSE;-8.812500138854375;FALSE;-8.250000051339157;FALSE;-9.499999528125045;FALSE;-10.375000120086042;0;-9.234374959601155;FALSE
1095903667114722;FALSE;-5.874999886378646;FALSE;-5.625000097323209;FALSE;-5.8749998905695975;FALSE;-5.374999781139195;0;-5.687499913852662;FALSE
962353587136398;FALSE;-1.2499999701976776;FALSE;-0.875;FALSE;-0.125;FALSE;-0.5;0;-0.6874999925494194;FALSE
1007161889322234;FALSE;-2.125;FALSE;-2.1249999552965164;FALSE;-1.6249999403953552;FALSE;-2.624999947845936;0;-2.124999960884452;FALSE
856800011025090;FALSE;-1.8749999701976776;FALSE;-1.625;FALSE;-1.25;FALSE;-1.7499999850988388;0;-1.624999988824129;FALSE
1064984773539945;FALSE;-3.2500000558793545;FALSE;-4.124999864026904;FALSE;-3.3749999180436134;FALSE;-3.374999951571226;0;-3.5312499473802745;FALSE
935645553140535;FALSE;-6.249999835621566;FALSE;-7.375000229803845;FALSE;-7.250000041851308;FALSE;-6.999999961873982;0;-6.968750017287675;FALSE
894854303886327;FALSE;-3.624999910593033;FALSE;-3.8749999795109034;FALSE;-4.0000001434236765;FALSE;-3.4999999199062586;0;-3.749999988358468;FALSE
856812281023863;FALSE;-4.124999839812517;FALSE;-3.749999899417162;FALSE;-4.874999911524355;FALSE;-4.125000169500709;0;-4.218749955063686;FALSE
857884317583326;FALSE;-6.00000015203841;FALSE;-6.500000141677447;FALSE;-5.9999999068677425;FALSE;-6.625000075087883;0;-6.2812500689178705;FALSE
856888791016212;FALSE;-4.249999930150807;FALSE;-5.2500001303851604;FALSE;-3.6250000037252903;FALSE;-4.499999772757292;0;-4.406249959254637;FALSE
857895114248913;FALSE;-3.8750000596046448;FALSE;-4.749999914318323;FALSE;-3.2500000596046448;FALSE;-5.624999776948243;0;-4.374999952618964;FALSE
1064464676925288;FALSE;-0.375;FALSE;-1.125;FALSE;-0.125;FALSE;-1.1250000298023224;0;-0.6875000074505806;FALSE
1057984847573271;FALSE;-6.249999859370291;FALSE;-5.625000074971467;FALSE;-5.874999891966581;FALSE;-7.12499985541217;0;-6.2187499204301275;FALSE
856758317695926;FALSE;-4.249999861232936;FALSE;-5.999999830732122;FALSE;-5.250000046566129;FALSE;-3.3750001080334187;0;-4.7187499616411515;FALSE
1038698359501920;FALSE;-2.3749999925494194;FALSE;-2.7499999962747097;FALSE;-2.6249999180436134;FALSE;-2.500000037252903;0;-2.5624999860301614;FALSE
856802624358162;FALSE;-3.874999949708581;FALSE;-3.875000074505806;FALSE;-4.375000092200935;FALSE;-4.750000053085387;0;-4.218750042375177;FALSE
882207715150986;FALSE;-4.375000158324838;FALSE;-5.749999921768904;FALSE;-3.8750000316649675;FALSE;-4.500000108033419;0;-4.625000054948032;FALSE
894854420552982;FALSE;-4.624999955296516;FALSE;-4.749999910593033;FALSE;-3.8749999720603228;FALSE;-3.9999998677521944;0;-4.312499926425517;FALSE
855013281203763;FALSE;-3.000000063329935;FALSE;-3.7500000447034836;FALSE;-3.0000000074505806;FALSE;-3.3750001080334187;0;-3.2812500558793545;FALSE
961151573923266;FALSE;-2.000000089406967;FALSE;-2.2499999925494194;FALSE;-1.9999999105930328;FALSE;-3.1250000409781933;0;-2.343750008381903;FALSE
1078780362160386;FALSE;-4.874999809078872;FALSE;-5.750000143656507;FALSE;-5.125000139698386;FALSE;-4.624999894760549;0;-5.093749996798579;FALSE
1096077093764046;FALSE;-1.2499999403953552;FALSE;-0.9999999403953552;FALSE;-0.5000000298023224;TRUE;0.375;1;-0.5937499776482582;FALSE
856768804361544;FALSE;-1.6249999552965164;FALSE;-1.6249999403953552;FALSE;-1.8749999552965164;FALSE;-2.499999910593033;0;-1.9062499403953552;FALSE
876283329076758;FALSE;-1.1249999701976776;FALSE;-1.1249999701976776;FALSE;-1.3749999850988388;FALSE;-1.25;0;-1.2187499813735485;FALSE
1012238422147914;FALSE;-2.0000001043081284;FALSE;-2.2500000298023224;FALSE;-1.6250000149011612;FALSE;-3.125000100582838;0;-2.2500000623986125;FALSE
1038910342814055;FALSE;-5.624999894527718;FALSE;-4.250000208616257;FALSE;-6.499999994179234;FALSE;-4.375000083819032;0;-5.18750004528556;FALSE
1055107914527631;FALSE;-4.750000183470547;FALSE;-4.499999876134098;FALSE;-4.749999961815774;FALSE;-4.499999877996743;0;-4.6249999748542905;FALSE
895145110523913;FALSE;-3.250000022351742;FALSE;-2.250000052154064;FALSE;-2.6249999180436134;FALSE;-3.8750001154839993;0;-3.0000000270083547;FALSE
857410824297342;FALSE;-5.9999998637940735;FALSE;-4.875000186264515;FALSE;-6.2499998663552105;FALSE;-5.625000002328306;0;-5.687499979685526;FALSE
855039704534454;TRUE;1.6250000447034836;TRUE;1.8749999701976776;TRUE;1.6250000596046448;TRUE;1.7500000447034836;4;1.7187500298023224;TRUE
855363207835437;FALSE;-4.500000104308128;FALSE;-4.125000182539225;FALSE;-4.6249998062849045;FALSE;-5.499999874271452;0;-4.6874999918509275;FALSE
1095912507113838;FALSE;-3.1249998919665813;FALSE;-3.2500001154839993;FALSE;-2.8749999590218067;FALSE;-3.1250000707805157;0;-3.0937500093132257;FALSE
857289340976157;FALSE;-4.874999861232936;FALSE;-4.750000223517418;FALSE;-4.875000189058483;FALSE;-5.4999998533166945;0;-5.000000031781383;FALSE
1010859678952455;TRUE;0.125;TRUE;0.375;FALSE;-0.25;TRUE;0.75;3;0.25;TRUE
1010204389017984;FALSE;-4.875000171363354;FALSE;-6.125000050291419;FALSE;-5.37500006146729;FALSE;-4.499999940395355;0;-5.2187500558793545;FALSE
1105564186148670;FALSE;-6.999999956926331;FALSE;-5.374999896623194;FALSE;-6.125000111060217;FALSE;-7.500000166124664;0;-6.500000032683602;FALSE
935609153144175;FALSE;-6.000000159488991;FALSE;-5.999999998137355;FALSE;-6.125000130850822;FALSE;-5.750000135274604;0;-5.968750105937943;FALSE
876259309079160;FALSE;-4.125000111758709;FALSE;-4.999999811407179;FALSE;-3.7499999031424522;FALSE;-4.000000081956387;0;-4.218749977066182;FALSE
1134084166630005;FALSE;-3.9999999571591616;FALSE;-3.7500001043081284;FALSE;-3.1250000037252903;FALSE;-3.6249999720603228;0;-3.6250000093132257;FALSE
858085080896583;FALSE;-1.2499999701976776;FALSE;-1.3750000298023224;FALSE;-1.375;FALSE;-2.3749999031424522;0;-1.593749975785613;FALSE
858386957533062;FALSE;-4.125000175088644;FALSE;-4.124999765306711;FALSE;-4.500000048428774;FALSE;-3.7500000670552254;0;-4.125000013969839;FALSE
1011491295555960;FALSE;-4.000000108033419;FALSE;-4.624999787658453;FALSE;-4.250000209547579;FALSE;-5.124999847728759;0;-4.4999999882420525;FALSE
945838155454608;FALSE;-1.5000000447034836;FALSE;-2.125000037252903;FALSE;-1.5000000298023224;FALSE;-1.3749999701976776;0;-1.6250000204890966;FALSE
982702738434816;FALSE;-2.7500001043081284;FALSE;-3.2500001192092896;FALSE;-3.2499998956918716;FALSE;-4.3750001369044185;0;-3.406250064028427;FALSE
977112402327183;FALSE;-1.625;FALSE;-0.7500000596046448;FALSE;-0.7500000298023224;FALSE;-1.0000000298023224;0;-1.0312500298023224;FALSE
1010393018999121;FALSE;-4.125000059604645;FALSE;-4.000000072643161;FALSE;-3.8750000428408384;FALSE;-4.374999921768904;0;-4.093750024214387;FALSE
1107847695920319;FALSE;-2.1249999925494194;FALSE;-2.2499999552965164;FALSE;-3.999999977648258;FALSE;-1.8750000596046448;0;-2.5624999962747097;FALSE
1134146689957086;FALSE;-4.37499981187284;FALSE;-4.374999965541065;FALSE;-4.750000197440386;FALSE;-5.124999888706952;0;-4.656249965890311;FALSE
1056747427697013;FALSE;-1.5000000596046448;FALSE;-1.0000000596046448;FALSE;-0.8750000596046448;FALSE;-1.25;0;-1.1562500447034836;FALSE
1011404602231296;FALSE;-4.249999763444066;FALSE;-4.249999932944775;FALSE;-3.7500000838190317;FALSE;-3.7499999459832907;0;-3.9999999315477908;FALSE
1105398716165217;FALSE;-5.124999918974936;FALSE;-4.375000234693289;FALSE;-4.625000024214387;FALSE;-6.1875001832377166;0;-5.078125090280082;FALSE
951877394850684;FALSE;-5.000000207684934;FALSE;-3.749999964609742;FALSE;-4.124999990686774;FALSE;-5.1249998160637915;0;-4.4999999947613105;FALSE
1152507544787667;FALSE;-2.6250000074505806;FALSE;-3.0000000968575478;FALSE;-2.3750000968575478;FALSE;-2.7499999403953552;0;-2.687500035390258;FALSE
1007139732657783;FALSE;-1.75;FALSE;-2.4999999552965164;FALSE;-2.0000001192092896;FALSE;-2.6250001043081284;0;-2.2187500447034836;FALSE
856884491016642;FALSE;-4.249999973922968;FALSE;-4.375000189058483;FALSE;-4.37499987706542;FALSE;-4.875000146217644;0;-4.468750046566129;FALSE
1080725415299214;FALSE;-3.8750000074505806;FALSE;-4.124999936670065;FALSE;-4.124999992549419;FALSE;-4.374999977648258;0;-4.124999978579581;FALSE
991245960913827;FALSE;-1.5000000447034836;FALSE;-1.3750000447034836;FALSE;-1.2499999403953552;FALSE;-2.0000001043081284;0;-1.5312500335276127;FALSE
1134146769957078;FALSE;-0.7500000298023224;FALSE;-0.7499999701976776;FALSE;0.0;FALSE;-1.1249999701976776;0;-0.6562499925494194;FALSE
1035403199831436;FALSE;-5.374999790452421;FALSE;-5.624999896623194;FALSE;-6.125000053783879;FALSE;-6.12500018090941;0;-5.812499980442226;FALSE
1038624566175966;FALSE;-1.9999998956918716;FALSE;-2.125000089406967;FALSE;-1.9999998956918716;FALSE;-1.9999998956918716;0;-2.0312499441206455;FALSE
1012263098812113;FALSE;-4.375000209547579;FALSE;-3.125000052154064;FALSE;-3.749999888241291;FALSE;-4.125000009313226;0;-3.84375003981404;FALSE
857916010913490;FALSE;-2.4999999329447746;FALSE;-3.125000014901161;FALSE;-2.3749999180436134;FALSE;-2.375;0;-2.5937499664723873;FALSE
856825754355849;FALSE;-0.125;FALSE;0.0;TRUE;0.5;FALSE;-1.375;1;-0.25;FALSE
1012576412114115;FALSE;-5.500000077765435;FALSE;-5.625000011175871;FALSE;-5.375000235624611;FALSE;-5.250000071711838;0;-5.437500099069439;FALSE
888146631223761;FALSE;-8.374999808787834;FALSE;-8.62499978870619;FALSE;-8.250000419066055;FALSE;-8.874999892155756;0;-8.531249977178959;FALSE
1057953290909760;FALSE;-4.875000082422048;FALSE;-5.000000132247806;FALSE;-5.499999992083758;FALSE;-5.874999959254637;0;-5.312500041502062;FALSE
856831837688574;FALSE;-0.6250000298023224;FALSE;-1.2500000596046448;FALSE;-0.625;FALSE;-1.4999999552965164;0;-1.000000011175871;FALSE
1007133312658425;FALSE;-6.624999979743734;FALSE;-7.124999910360202;FALSE;-6.250000210478902;FALSE;-7.624999771185685;0;-6.906249967942131;FALSE
858316674206757;FALSE;-5.50000012293458;FALSE;-6.374999921536073;FALSE;-7.00000012491364;FALSE;-7.2499997954582796;0;-6.531249991210643;FALSE
935284713176619;FALSE;-2.000000089406967;FALSE;-2.0000000298023224;FALSE;-1.6250000596046448;FALSE;-1.3750000149011612;0;-1.7500000484287739;FALSE
857544340950657;FALSE;-4.749999960884452;FALSE;-4.625000050291419;FALSE;-4.7500000186264515;FALSE;-4.624999797903001;0;-4.687499956926331;FALSE
1105462862825469;FALSE;-6.124999790452421;FALSE;-6.625000051571988;FALSE;-6.499999966006726;FALSE;-6.5000002034939826;0;-6.437500002881279;FALSE
951619634876460;FALSE;-3.999999985098839;FALSE;-3.8749998919665813;FALSE;-4.000000054016709;FALSE;-3.875000048428774;0;-3.937499994877726;FALSE
1105407976164291;FALSE;-3.6249999348074198;FALSE;-3.4999999701976776;FALSE;-3.250000074505806;FALSE;-4.500000134110451;0;-3.7187500284053385;FALSE
1057732934265129;FALSE;-2.9999999180436134;FALSE;-3.2499998956918716;FALSE;-2.1250001043081284;FALSE;-2.4999999552965164;0;-2.7187499683350325;FALSE
882719935099764;FALSE;-6.124999975785613;FALSE;-6.374999975785613;FALSE;-6.624999863561243;FALSE;-6.124999917810783;0;-6.312499933235813;FALSE
856742774364147;FALSE;-3.499999886378646;FALSE;-3.3750001080334187;FALSE;-4.125000083819032;FALSE;-3.375;0;-3.593750019557774;FALSE
1065186606853095;FALSE;-4.374999911524355;FALSE;-4.1249997820705175;FALSE;-3.8750001173466444;FALSE;-4.375000077299774;0;-4.187499972060323;FALSE
857335400971551;FALSE;-1.5000000447034836;FALSE;-1.7500000149011612;FALSE;-2.125000111758709;FALSE;-2.0000001043081284;0;-1.8437500689178705;FALSE
894953727209718;FALSE;-4.375000013969839;FALSE;-3.7499999906867743;FALSE;-5.125000084750354;FALSE;-3.750000037252903;0;-4.2500000316649675;FALSE
1106178032753952;FALSE;-7.375000017113052;FALSE;-7.499999831721652;FALSE;-7.4999999980209395;FALSE;-6.874999831314199;0;-7.312499919542461;FALSE
885815594790198;FALSE;-3.8749999701976776;FALSE;-4.249999941326678;FALSE;-3.8750000167638063;FALSE;-4.874999973457307;0;-4.218749975436367;FALSE
951552861549804;FALSE;-4.124999778345227;FALSE;-5.000000092666596;FALSE;-5.12499990966171;FALSE;-3.3750000819563866;0;-4.40624996565748;FALSE
858046974233727;TRUE;0.7500000298023224;TRUE;0.6250000298023224;TRUE;1.5000000298023224;TRUE;0.6249999403953552;4;0.8750000074505806;TRUE
1057706984267724;FALSE;-1.2499999701976776;FALSE;-1.7499999850988388;FALSE;-1.7500000447034836;FALSE;-1.2499999403953552;0;-1.4999999850988388;FALSE
972211766150580;TRUE;1.6250000149011612;TRUE;2.0000000447034836;TRUE;2.500000022351742;TRUE;2.3749999925494194;4;2.1250000186264515;TRUE
885321394839618;FALSE;-6.749999997089617;FALSE;-7.374999780557118;FALSE;-7.5000000956933945;FALSE;-7.12500021897722;0;-7.1875000230793376;FALSE
1152503184788103;FALSE;-5.12499976484105;FALSE;-5.124999848660082;FALSE;-4.749999936670065;FALSE;-5.749999763444066;0;-5.187499828403816;FALSE
1044202055618217;FALSE;-5.6250002342276275;FALSE;-6.500000159139745;FALSE;-5.749999911058694;FALSE;-6.3750001806765795;0;-6.0625001212756615;FALSE
987831724588584;FALSE;-5.624999842140824;FALSE;-5.749999935505912;FALSE;-5.375000113155693;FALSE;-5.500000088475645;0;-5.562499994819518;FALSE
1010246319013791;FALSE;-6.000000141328201;FALSE;-5.875000027008355;FALSE;-5.999999899649993;FALSE;-7.5000001571606845;0;-6.343750056286808;FALSE
1043629695675453;FALSE;-4.624999941326678;FALSE;-5.75000000349246;FALSE;-4.375000192783773;FALSE;-5.374999945517629;0;-5.031250020780135;FALSE
856771061027985;FALSE;-2.2500000670552254;FALSE;-2.999999962747097;FALSE;-2.6250000670552254;FALSE;-2.374999977648258;0;-2.5625000186264515;FALSE
987824767922613;FALSE;-3.3749999292194843;FALSE;-3.749999886378646;FALSE;-3.249999899417162;FALSE;-3.3750001154839993;0;-3.437499957624823;FALSE
1105423309496091;FALSE;-9.500000367013854;FALSE;-8.374999794294126;FALSE;-8.87500002005254;FALSE;-8.937499533596565;0;-8.921874928739271;FALSE
856814091023682;FALSE;-5.250000056810677;FALSE;-5.624999996041879;FALSE;-5.750000001862645;FALSE;-5.875000185100362;0;-5.625000059953891;FALSE
1012243378814085;FALSE;-0.375;TRUE;0.125;TRUE;0.5;FALSE;-0.375;2;-0.03125;FALSE
856768737694884;FALSE;-3.499999914318323;FALSE;-2.249999925494194;FALSE;-3.124999910593033;FALSE;-2.8750000335276127;0;-2.9374999459832907;FALSE
1088413171197105;FALSE;-3.6249999552965164;FALSE;-3.3750001154839993;FALSE;-3.749999899417162;FALSE;-3.875000037252903;0;-3.656250001862645;FALSE
881970961841328;FALSE;-4.749999926425517;FALSE;-5.375000196509063;FALSE;-5.12500005075708;FALSE;-5.624999954365194;0;-5.2187500320142135;FALSE
935266836511740;FALSE;-2.125000089406967;FALSE;-1.375;FALSE;-1.6250000298023224;FALSE;-1.8749998956918716;0;-1.7500000037252903;FALSE
1107834345921654;FALSE;-3.50000006146729;FALSE;-4.125000175088644;FALSE;-3.8750000707805157;FALSE;-4.24999987334013;0;-3.937500045169145;FALSE
1036832319688524;FALSE;-6.249999777879566;FALSE;-4.499999829567969;FALSE;-6.4999999614665285;FALSE;-6.12499993131496;0;-5.843749875057256;FALSE
977129092325514;FALSE;-4.875000168569386;FALSE;-4.7499999003484845;FALSE;-3.625000035390258;FALSE;-4.62500021699816;0;-4.468750080326572;FALSE
1052518578119898;FALSE;-7.8750001180160325;FALSE;-8.250000295316568;FALSE;-8.625000269094016;FALSE;-8.74999989864591;0;-8.375000145268132;FALSE
858185107553247;FALSE;-5.12499989150092;FALSE;-4.749999864958227;FALSE;-4.750000086612999;FALSE;-4.500000000931323;0;-4.781249961000867;FALSE
1064994230205666;FALSE;-5.249999849591404;FALSE;-5.750000230735168;FALSE;-6.125000124564394;FALSE;-5.999999774852768;0;-5.7812499949359335;FALSE
856767757694982;FALSE;-5.0000000996515155;FALSE;-6.125000087777153;FALSE;-5.3750002309679985;FALSE;-4.87499981559813;0;-5.343750058498699;FALSE
993982793973477;FALSE;-7.62499992508674;FALSE;-8.124999965686584;FALSE;-7.750000028056093;FALSE;-8.312500278727384;0;-7.9531250493892;FALSE
1035544743150615;FALSE;-6.874999979743734;FALSE;-6.125000208849087;FALSE;-7.125000052852556;FALSE;-6.375000046449713;0;-6.625000071973773;FALSE
935288126509611;FALSE;0.0;TRUE;0.5000000298023224;FALSE;-0.125;TRUE;0.25;2;0.1562500074505806;TRUE
1055213607850395;FALSE;-5.125000035390258;FALSE;-4.374999791383743;FALSE;-5.124999816995114;FALSE;-6.624999950290658;0;-5.312499898514943;FALSE
856926501012441;FALSE;-1.8749999552965164;FALSE;-1.8750000149011612;FALSE;-1.3750000447034836;FALSE;-1.625;0;-1.6875000037252903;FALSE
1134095906628831;FALSE;-3.1250001154839993;FALSE;-3.500000013038516;FALSE;-2.5000001192092896;FALSE;-3.249999962747097;0;-3.0937500526197255;FALSE
951558501549240;FALSE;-2.749999973922968;FALSE;-2.6250000298023224;FALSE;-2.749999973922968;FALSE;-3.0000000409781933;0;-2.781250004656613;FALSE
894766457228445;FALSE;-4.750000103376806;FALSE;-4.7499997690320015;FALSE;-5.749999867519364;FALSE;-4.875000231899321;0;-5.031249992956873;FALSE
857554004283024;FALSE;-5.750000071246177;FALSE;-5.250000090803951;FALSE;-5.000000182539225;FALSE;-5.375000210013241;0;-5.343750138650648;FALSE
935326973172393;FALSE;-2.9999998845160007;FALSE;-3.375000022351742;FALSE;-3.249999925494194;FALSE;-3.250000037252903;0;-3.21874996740371;FALSE
885919241446500;FALSE;-4.999999992083758;FALSE;-5.125000020954758;FALSE;-4.624999803490937;FALSE;-5.5000000558793545;0;-5.062499968102202;FALSE
1056932054345217;FALSE;-3.4999999795109034;FALSE;-3.999999960884452;FALSE;-3.375000022351742;FALSE;-4.125000024214387;0;-3.749999996740371;FALSE
857088554329569;FALSE;-3.7499999534338713;FALSE;-3.5000000186264515;FALSE;-2.875000085681677;FALSE;-4.3750001369044185;0;-3.6250000486616045;FALSE
857851774253247;FALSE;-7.1249998164130375;FALSE;-6.750000143307261;FALSE;-6.875000176369213;FALSE;-6.87499994947575;0;-6.906250021391315;FALSE
1134077853297303;FALSE;-2.6250000074505806;FALSE;-2.1250001043081284;FALSE;-2.2499999031424522;FALSE;-1.6250000149011612;0;-2.1562500074505806;FALSE
1084362448268844;FALSE;-6.5000000931322575;FALSE;-6.6249997997656465;FALSE;-6.37499992235098;FALSE;-6.374999871826731;0;-6.468749921768904;FALSE
1012560052115751;FALSE;-3.3750000819563866;FALSE;-3.624999936670065;FALSE;-3.999999785795808;FALSE;-3.749999923631549;0;-3.687499932013452;FALSE
894628307242260;FALSE;-2.2499999180436134;FALSE;-2.249999985098839;FALSE;-2.249999985098839;FALSE;-2.624999910593033;0;-2.343749949708581;FALSE
856917081013383;FALSE;-5.3749999781139195;FALSE;-4.49999981559813;FALSE;-4.624999942258;FALSE;-5.75000010477379;0;-5.06249996018596;FALSE
1065066533531769;FALSE;-2.749999925494194;FALSE;-2.250000111758709;FALSE;-2.6250000447034836;FALSE;-2.5000000298023224;0;-2.5312500279396772;FALSE
856895707682187;FALSE;-4.3749998873099685;FALSE;-5.250000057742;FALSE;-4.500000081025064;FALSE;-4.500000101514161;0;-4.656250031897798;FALSE
882816478423443;FALSE;-1.6249999701976776;FALSE;-0.8750000298023224;FALSE;-1.3749999850988388;FALSE;-0.5;0;-1.0937499962747097;FALSE
887992814572476;FALSE;-4.249999858438969;FALSE;-4.749999951571226;FALSE;-3.4999999925494194;FALSE;-3.749999998137355;0;-4.062499950174242;FALSE
995813800457043;FALSE;-4.7499998193234205;FALSE;-4.1250001564621925;FALSE;-4.999999997206032;FALSE;-5.125000208616257;0;-4.7500000454019755;FALSE
1093073517397737;FALSE;-5.624999780673534;FALSE;-6.3749999444698915;FALSE;-6.625000058324076;FALSE;-6.250000123865902;0;-6.218749976833351;FALSE
961240583914365;FALSE;-2.0000000298023224;FALSE;-0.6250000596046448;FALSE;-0.9999999701976776;FALSE;-1.5000000596046448;0;-1.2812500298023224;FALSE
894671053904652;FALSE;-5.500000072643161;FALSE;-6.375000168918632;FALSE;-6.374999970314093;FALSE;-6.624999869382009;0;-6.218750020314474;FALSE
951557164882707;FALSE;-6.250000138999894;FALSE;-6.749999822000973;FALSE;-6.375000172993168;FALSE;-6.125000220257789;0;-6.375000088562956;FALSE
1105678292803926;FALSE;-6.937500047381036;FALSE;-5.750000120606273;FALSE;-7.499999928113539;FALSE;-6.250000216881745;0;-6.609375078245648;FALSE
856818287689929;FALSE;-5.374999824445695;FALSE;-5.250000019557774;FALSE;-4.124999850988388;FALSE;-5.250000084284693;0;-4.9999999448191375;FALSE
1007171019321321;FALSE;-3.8749999459832907;FALSE;-4.000000113621354;FALSE;-4.499999842606485;FALSE;-3.125000011175871;0;-3.87499997834675;FALSE
856794434358981;FALSE;-3.6250000558793545;FALSE;-2.624999925494194;FALSE;-3.1250000670552254;FALSE;-4.874999788589776;0;-3.5624999592546374;FALSE
1011234125581677;FALSE;-4.750000225380063;FALSE;-5.500000221654773;FALSE;-5.250000212807208;FALSE;-5.500000236555934;0;-5.2500002240994945;FALSE
1095963997108689;FALSE;-5.3750002146698534;FALSE;-5.562499909196049;FALSE;-6.499999960651621;FALSE;-4.8749998062849045;0;-5.578124972700607;FALSE
856748311030260;FALSE;-4.249999958090484;FALSE;-4.500000128522515;FALSE;-3.5000001192092896;FALSE;-3.9999999068677425;0;-4.062500028172508;FALSE
977022562336167;FALSE;-6.374999871826731;FALSE;-6.250000141561031;FALSE;-6.999999969906639;FALSE;-6.7499999944120646;0;-6.5937499944266165;FALSE
1259;TRUE;4.624999789521098;TRUE;6.37500006146729;TRUE;6.062500201165676;TRUE;6.250000043772161;4;5.828125023981556;TRUE
1268;TRUE;1.8750000447034836;TRUE;2.249999925494194;TRUE;1.8749999105930328;TRUE;2.375000022351742;4;2.093749975785613;TRUE
1285;TRUE;3.6249999403953552;TRUE;4.874999890103936;TRUE;4.6249997690320015;TRUE;5.124999971129;4;4.562499892665073;TRUE
1389163687215345664;TRUE;4.625000113621354;TRUE;6.250000161118805;TRUE;5.624999984167516;TRUE;5.624999841675162;4;5.5312500251457095;TRUE
1787;FALSE;-1.0000000298023224;FALSE;-0.8750000298023224;FALSE;-0.6250000298023224;FALSE;-0.25;0;-0.6875000223517418;FALSE
1304;FALSE;-2.6250000298023224;FALSE;-3.7500000596046448;FALSE;-2.7500000968575478;FALSE;-1.625;0;-2.6875000465661287;FALSE
1308;TRUE;2.5000000819563866;TRUE;2.124999977648258;TRUE;3.5000000596046448;TRUE;3.4999999944120646;4;2.9062500284053385;TRUE
1309;TRUE;1.9999999403953552;TRUE;3.6249999795109034;TRUE;3.000000037252903;TRUE;3.624999912455678;4;3.06249996740371;TRUE
1311;FALSE;-2.6250001192092896;FALSE;-3.375000011175871;FALSE;-3.1249998845160007;FALSE;-1.3749999552965164;0;-2.6249999925494194;FALSE
1317;TRUE;3.8750000949949026;TRUE;5.124999886378646;TRUE;4.8750002244487405;TRUE;5.375000044237822;4;4.812500062515028;TRUE
1326;FALSE;-0.125;TRUE;1.2499999701976776;TRUE;0.7499999403953552;TRUE;1.0;3;0.7187499776482582;TRUE
1329;FALSE;-1.3750000149011612;FALSE;-0.375;FALSE;-0.7500000298023224;TRUE;0.25;1;-0.5625000111758709;FALSE
1336;TRUE;3.7500000074505806;TRUE;4.7499998807907104;TRUE;4.624999972060323;TRUE;5.937499856110662;4;4.765624929103069;TRUE
1346;TRUE;1.3749999552965164;TRUE;2.124999888241291;TRUE;2.125000089406967;TRUE;2.7500000707805157;4;2.0937500009313226;TRUE
1369;FALSE;-3.0;FALSE;-3.2500000670552254;FALSE;-2.500000052154064;FALSE;-3.3749999180436134;0;-3.0312500093132257;FALSE
1378;TRUE;2.4999999403953552;TRUE;3.375000085681677;TRUE;2.749999888241291;TRUE;2.999999951571226;4;2.9062499664723873;TRUE
1386;FALSE;-1.5000000596046448;FALSE;-2.125000037252903;FALSE;-1.1249999701976776;FALSE;-1.1250000596046448;0;-1.4687500316649675;FALSE
1388;TRUE;2.0000000298023224;TRUE;2.499999910593033;TRUE;2.1249999329447746;TRUE;2.749999977648258;4;2.343749962747097;TRUE
1447;FALSE;-5.875000091036782;FALSE;-5.874999978812411;FALSE;-5.500000096857548;FALSE;-4.749999792315066;0;-5.499999989755452;FALSE
1799;FALSE;-0.25;TRUE;0.125;FALSE;-0.125;TRUE;0.25;2;0.0;FALSE
1558;TRUE;0.6250000298023224;TRUE;1.125;TRUE;0.4999999701976776;TRUE;0.25;4;0.625;TRUE
1573;FALSE;-1.7500000298023224;FALSE;-2.249999985098839;FALSE;-1.5000000149011612;FALSE;-2.3749998807907104;0;-1.9687499776482582;FALSE
1582;FALSE;-1.3750000298023224;FALSE;-1.4999999552965164;FALSE;-1.874999925494194;FALSE;-1.9999999552965164;0;-1.6874999664723873;FALSE
1198;FALSE;-4.374999837949872;FALSE;-4.750000175088644;FALSE;-5.250000087544322;FALSE;-3.750000072643161;0;-4.5312500433065;FALSE
1622;FALSE;0.0;TRUE;1.4999999701976776;TRUE;0.75;TRUE;1.2499999701976776;3;0.8749999850988388;TRUE
1647;TRUE;0.25;FALSE;0.0;TRUE;0.7500000298023224;TRUE;1.4999999552965164;3;0.6249999962747097;TRUE
1651;FALSE;-1.8750000447034836;FALSE;-2.250000037252903;FALSE;-1.75;FALSE;-1.7500000447034836;0;-1.9062500316649675;FALSE
1681;TRUE;0.9999999403953552;TRUE;0.9999999701976776;TRUE;0.75;TRUE;1.8749999850988388;4;1.156249973922968;TRUE
1803;FALSE;-0.25;FALSE;-0.25;TRUE;0.25;TRUE;0.75;2;0.125;TRUE
1688;TRUE;1.4999999552965164;TRUE;1.25;TRUE;1.8749999403953552;TRUE;2.9999999329447746;4;1.9062499571591616;TRUE
1221;TRUE;1.2499999701976776;TRUE;2.2499999031424522;TRUE;1.9999999552965164;TRUE;2.6250000298023224;4;2.031249964609742;TRUE
1808;TRUE;2.2499999552965164;TRUE;3.5000000819563866;TRUE;3.0000000335276127;TRUE;3.500000063329935;4;3.0625000335276127;TRUE
1809;TRUE;2.0000000447034836;TRUE;3.000000100582838;TRUE;3.125000011175871;TRUE;3.625000076368451;4;2.937500058207661;TRUE
