model,prompt_mode,demo_mode,demo_size,embedding_mode,retrieval_mode,thinking_mode,fold,n_scored,n_abstained,accuracy,f1_macro,precision_true,recall_true,precision_false,recall_false
gemma-4-26B-A4B-it,implicit,dynamic,8,dense,similarity,False,2,816,0,0.8554,0.7485,0.4611,0.7981,0.967,0.8638
gemma-4-26B-A4B-it,implicit,dynamic,8,fusion,similarity,False,1,816,0,0.8529,0.7456,0.456,0.7981,0.9669,0.861
gemma-4-26B-A4B-it,description,dynamic,8,dense,mmr,False,1,816,0,0.8444,0.7426,0.4422,0.8462,0.9741,0.8441
gemma-4-26B-A4B-it,implicit,dynamic,8,dense,mmr,False,1,816,0,0.8493,0.7414,0.4486,0.7981,0.9667,0.8567
gemma-4-26B-A4B-it,implicit,dynamic,8,dense,similarity,False,3,815,0,0.8626,0.7405,0.4706,0.699,0.9532,0.8862
gemma-4-26B-A4B-it,implicit,dynamic,8,dense,mmr,False,2,816,0,0.8456,0.74,0.4427,0.8173,0.9696,0.8497
gemma-4-26B-A4B-it,implicit,dynamic,8,None,random,False,2,816,0,0.837,0.7397,0.4319,0.8846,0.9801,0.8301
gemma-4-26B-A4B-it,implicit,dynamic,8,dense,diversity,False,2,816,0,0.8407,0.7359,0.4343,0.8269,0.9709,0.8427
gemma-4-26B-A4B-it,implicit,dynamic,8,sparse,similarity,False,2,816,0,0.8358,0.7319,0.4265,0.8365,0.9722,0.8357
gemma-4-26B-A4B-it,description,dynamic,8,fusion,similarity,False,1,816,0,0.8309,0.7305,0.4206,0.8654,0.9767,0.8258
gemma-4-26B-A4B-it,implicit,dynamic,8,None,random,False,1,816,0,0.8321,0.7279,0.4203,0.8365,0.9721,0.8315
gemma-4-26B-A4B-it,description,dynamic,8,dense,similarity,False,1,816,0,0.8358,0.7278,0.4242,0.8077,0.9676,0.8399
gemma-4-26B-A4B-it,implicit,dynamic,8,dense,diversity,False,3,815,0,0.8466,0.725,0.4353,0.7184,0.955,0.8652
gemma-4-26B-A4B-it,implicit,dynamic,8,sparse,similarity,False,3,815,0,0.8417,0.7226,0.427,0.7379,0.9576,0.8567
gemma-4-26B-A4B-it,implicit,dynamic,8,fusion,similarity,False,2,816,0,0.8321,0.7224,0.4171,0.7981,0.966,0.8371
gemma-4-26B-A4B-it,implicit,dynamic,8,dense,similarity,False,1,816,0,0.8346,0.7207,0.4188,0.7692,0.9616,0.8441
gemma-4-26B-A4B-it,implicit,dynamic,8,dense,similarity,False,0,816,0,0.8456,0.7204,0.4337,0.6923,0.9508,0.868
gemma-4-26B-A4B-it,description,dynamic,8,dense,mmr,False,2,816,0,0.8235,0.7188,0.4065,0.8365,0.9718,0.8216
gemma-4-26B-A4B-it,description,dynamic,8,dense,similarity,False,0,816,0,0.8297,0.7183,0.4121,0.7885,0.9643,0.8357
gemma-4-26B-A4B-it,title,dynamic,8,fusion,similarity,False,1,816,0,0.8223,0.7162,0.4038,0.8269,0.9701,0.8216
gemma-4-26B-A4B-it,description,dynamic,8,None,random,False,1,816,0,0.8113,0.7152,0.395,0.9038,0.9827,0.7978
gemma-4-26B-A4B-it,title,dynamic,8,dense,mmr,False,2,816,0,0.8211,0.7149,0.4019,0.8269,0.9701,0.8202
gemma-4-26B-A4B-it,description,dynamic,8,dense,similarity,False,2,816,0,0.8211,0.7135,0.4009,0.8173,0.9685,0.8216
gemma-4-26B-A4B-it,implicit,dynamic,8,dense,diversity,False,0,816,0,0.8248,0.7131,0.4039,0.7885,0.9641,0.8301
gemma-4-26B-A4B-it,implicit,dynamic,8,dense,diversity,False,1,816,0,0.8199,0.7122,0.3991,0.8173,0.9685,0.8202
gemma-4-26B-A4B-it,implicit,dynamic,8,sparse,similarity,False,1,816,0,0.8211,0.7121,0.4,0.8077,0.967,0.823
gemma-4-26B-A4B-it,title,dynamic,8,dense,similarity,False,1,816,0,0.826,0.7115,0.404,0.7692,0.9612,0.8343
gemma-4-26B-A4B-it,title,dynamic,8,dense,diversity,False,1,816,0,0.8223,0.7106,0.4,0.7885,0.964,0.8272
gemma-4-26B-A4B-it,title,dynamic,8,dense,mmr,False,1,816,0,0.815,0.7099,0.3937,0.8365,0.9714,0.8118
gemma-4-26B-A4B-it,implicit,dynamic,8,None,random,False,3,815,0,0.8344,0.7097,0.4101,0.7087,0.9529,0.8525
gemma-4-26B-A4B-it,implicit,dynamic,8,dense,mmr,False,3,815,0,0.8454,0.7081,0.4248,0.6311,0.9426,0.8764
gemma-4-26B-A4B-it,title,dynamic,8,fusion,similarity,False,2,816,0,0.8174,0.7069,0.3934,0.7981,0.9653,0.8202
gemma-4-26B-A4B-it,description,dynamic,8,dense,diversity,False,1,816,0,0.8051,0.7065,0.3849,0.8846,0.9792,0.7935
gemma-4-26B-A4B-it,title,dynamic,8,None,random,False,1,816,0,0.8113,0.7062,0.3884,0.8365,0.9713,0.8076
gemma-4-26B-A4B-it,description,dynamic,8,fusion,similarity,False,3,815,0,0.8282,0.7048,0.4,0.7184,0.954,0.8441
gemma-4-26B-A4B-it,description,dynamic,8,dense,similarity,False,3,815,0,0.8344,0.7047,0.407,0.6796,0.9487,0.8567
gemma-4-26B-A4B-it,implicit,dynamic,8,fusion,similarity,False,3,815,0,0.8368,0.7039,0.4096,0.6602,0.9461,0.8624
gemma-4-26B-A4B-it,description,dynamic,8,sparse,similarity,False,2,816,0,0.8088,0.7037,0.385,0.8365,0.9712,0.8048
gemma-4-26B-A4B-it,description,dynamic,8,dense,diversity,False,2,816,0,0.7978,0.7018,0.3775,0.9038,0.9824,0.7823
gemma-4-26B-A4B-it,title,dynamic,8,dense,diversity,False,2,816,0,0.8002,0.7017,0.3786,0.8846,0.9791,0.7879
gemma-4-26B-A4B-it,implicit,dynamic,8,fusion,similarity,False,0,816,0,0.8235,0.7013,0.3947,0.7212,0.9537,0.8385
gemma-4-26B-A4B-it,implicit,dynamic,8,dense,mmr,False,0,816,0,0.8235,0.7013,0.3947,0.7212,0.9537,0.8385
gemma-4-26B-A4B-it,description,dynamic,8,fusion,similarity,False,2,816,0,0.8088,0.701,0.3829,0.8173,0.968,0.8076
gemma-4-26B-A4B-it,title,dynamic,8,dense,similarity,False,2,816,0,0.81,0.6995,0.3825,0.7981,0.9649,0.8118
gemma-4-26B-A4B-it,title,dynamic,8,None,random,False,0,816,0,0.8137,0.6988,0.3846,0.7692,0.9605,0.8202
gemma-4-26B-A4B-it,description,dynamic,8,sparse,similarity,False,0,816,0,0.8088,0.6982,0.3807,0.7981,0.9649,0.8104
gemma-4-26B-A4B-it,description,dynamic,8,dense,diversity,False,0,816,0,0.8015,0.6978,0.3761,0.8462,0.9725,0.7949
gemma-4-26B-A4B-it,description,dynamic,8,fusion,similarity,False,0,816,0,0.8125,0.6976,0.3828,0.7692,0.9605,0.8188
gemma-4-26B-A4B-it,description,dynamic,8,None,random,False,2,816,0,0.7978,0.6968,0.3734,0.8654,0.9757,0.7879
gemma-4-26B-A4B-it,title,dynamic,8,sparse,similarity,False,2,816,0,0.8015,0.6951,0.3739,0.8269,0.9693,0.7978
gemma-4-26B-A4B-it,description,dynamic,8,sparse,similarity,False,3,815,0,0.811,0.6948,0.378,0.767,0.9604,0.8174
gemma-4-26B-A4B-it,title,dynamic,8,sparse,similarity,False,1,816,0,0.8002,0.6911,0.37,0.8077,0.966,0.7992
gemma-4-26B-A4B-it,implicit,dynamic,8,None,random,False,0,816,0,0.8113,0.6903,0.3762,0.7308,0.9544,0.823
gemma-4-26B-A4B-it,description,dynamic,8,sparse,similarity,False,1,816,0,0.8002,0.6897,0.3689,0.7981,0.9645,0.8006
gemma-4-26B-A4B-it,description,dynamic,8,None,random,False,3,815,0,0.8012,0.6894,0.3677,0.7961,0.9645,0.802
gemma-4-26B-A4B-it,implicit,dynamic,8,sparse,similarity,False,0,816,0,0.8211,0.6888,0.3833,0.6635,0.945,0.8441
gemma-4-26B-A4B-it,description,dynamic,8,dense,mmr,False,3,815,0,0.8172,0.6883,0.3777,0.6893,0.949,0.8357
gemma-4-26B-A4B-it,implicit,None,0,None,None,False,0,815,1,0.8012,0.688,0.3682,0.7788,0.9613,0.8045
gemma-4-26B-A4B-it,title,dynamic,8,None,random,False,2,816,0,0.7978,0.6873,0.3656,0.7981,0.9643,0.7978
gemma-4-26B-A4B-it,description,None,0,None,None,False,2,816,0,0.7892,0.6872,0.3618,0.8558,0.9737,0.7795
gemma-4-E4B-it,explicit,dynamic,8,sparse,similarity,False,0,816,0,0.8199,0.6858,0.3799,0.6538,0.9435,0.8441
gemma-4-26B-A4B-it,description,None,0,None,None,False,1,816,0,0.7929,0.6854,0.3617,0.8173,0.9673,0.7893
gemma-4-26B-A4B-it,title,dynamic,8,dense,diversity,False,3,815,0,0.8123,0.685,0.3711,0.699,0.9501,0.8287
gemma-4-26B-A4B-it,description,dynamic,8,dense,mmr,False,0,816,0,0.799,0.6842,0.3636,0.7692,0.9597,0.8034
gemma-4-26B-A4B-it,title,dynamic,8,sparse,similarity,False,0,816,0,0.8039,0.683,0.3654,0.7308,0.9539,0.8146
gemma-4-26B-A4B-it,implicit,None,0,None,None,False,1,816,0,0.7904,0.683,0.3586,0.8173,0.9672,0.7865
gemma-4-26B-A4B-it,title,dynamic,8,dense,diversity,False,0,816,0,0.799,0.6827,0.3624,0.7596,0.9582,0.8048
gemma-4-26B-A4B-it,explicit,None,0,None,None,False,0,646,170,0.7972,0.6819,0.3684,0.7326,0.9516,0.8071
gemma-4-26B-A4B-it,description,dynamic,8,None,random,False,0,816,0,0.7855,0.6784,0.3527,0.8173,0.967,0.7809
gemma-4-26B-A4B-it,title,dynamic,8,fusion,similarity,False,3,815,0,0.8147,0.6772,0.3667,0.6408,0.9417,0.8399
gemma-4-26B-A4B-it,title,dynamic,8,dense,similarity,False,3,815,0,0.8196,0.6766,0.3706,0.6117,0.938,0.8497
gemma-4-26B-A4B-it,implicit,None,0,None,None,False,2,816,0,0.788,0.6765,0.3519,0.7885,0.9623,0.7879
gemma-4-26B-A4B-it,title,dynamic,8,dense,mmr,False,3,815,0,0.8147,0.6753,0.3652,0.6311,0.9403,0.8413
gemma-4-26B-A4B-it,description,dynamic,8,dense,diversity,False,3,815,0,0.7926,0.6752,0.3514,0.7573,0.9578,0.7978
gemma-4-26B-A4B-it,title,dynamic,8,None,random,False,3,815,0,0.7988,0.675,0.3541,0.7184,0.9521,0.8104
gemma-4-26B-A4B-it,title,dynamic,8,dense,similarity,False,0,816,0,0.8051,0.6745,0.359,0.6731,0.9452,0.8244
gemma-4-26B-A4B-it,title,dynamic,8,sparse,similarity,False,3,815,0,0.8049,0.671,0.3542,0.6602,0.9438,0.8258
gemma-4-26B-A4B-it,description,None,0,None,None,False,0,815,1,0.7718,0.6698,0.3411,0.8462,0.9713,0.7609
gemma-4-26B-A4B-it,title,dynamic,8,dense,mmr,False,0,816,0,0.7929,0.6676,0.346,0.7019,0.9488,0.8062
gemma-4-26B-A4B-it,title,dynamic,8,fusion,similarity,False,0,816,0,0.7819,0.6604,0.3348,0.7212,0.951,0.7907
Qwen3.5-9B,description,dynamic,8,None,random,False,1,816,0,0.7708,0.6563,0.3278,0.7596,0.9565,0.7725
Qwen3.5-9B,explicit,None,0,None,None,False,0,816,0,0.8382,0.6559,0.3814,0.4327,0.9155,0.8975
gemma-4-26B-A4B-it,implicit,None,0,None,None,False,3,814,1,0.7862,0.655,0.3301,0.6699,0.9438,0.8031
gemma-4-26B-A4B-it,title,None,0,None,None,False,2,816,0,0.7708,0.6549,0.3264,0.75,0.9549,0.7739
gemma-4-26B-A4B-it,explicit,None,0,None,None,False,2,651,165,0.7803,0.6534,0.3239,0.7037,0.9495,0.7912
gemma-4-26B-A4B-it,description,None,0,None,None,False,3,814,1,0.7752,0.6514,0.323,0.7087,0.949,0.7848
Qwen3.5-9B,implicit,dynamic,8,None,random,False,2,816,0,0.7512,0.6512,0.32,0.8462,0.9704,0.7374
Qwen3.5-9B,description,dynamic,8,dense,diversity,False,1,816,0,0.7672,0.6501,0.3208,0.7404,0.9531,0.7711
gemma-4-26B-A4B-it,explicit,None,0,None,None,False,3,649,166,0.775,0.6448,0.3254,0.6322,0.9333,0.7972
Qwen3.5-9B,implicit,dynamic,8,dense,diversity,False,3,814,1,0.7604,0.6444,0.313,0.7476,0.9542,0.7623
gemma-4-E4B-it,description,dynamic,8,dense,diversity,False,1,816,0,0.7365,0.6359,0.3039,0.8269,0.9662,0.7233
Qwen3.5-9B,implicit,dynamic,8,None,random,False,1,816,0,0.739,0.634,0.3018,0.7981,0.9612,0.7303
gemma-4-26B-A4B-it,title,None,0,None,None,False,0,815,1,0.7571,0.6337,0.3025,0.6923,0.9445,0.7665
Qwen3.5-9B,implicit,dynamic,8,None,random,False,3,814,1,0.7555,0.6325,0.3,0.699,0.946,0.7637
gemma-4-26B-A4B-it,title,None,0,None,None,False,1,816,0,0.7574,0.6306,0.2991,0.6731,0.9416,0.7697
gemma-4-E4B-it,description,dynamic,8,dense,diversity,False,2,816,0,0.7243,0.6305,0.299,0.8654,0.9728,0.7037
Qwen3.5-9B,description,dynamic,8,dense,diversity,False,3,814,1,0.758,0.6298,0.2974,0.6699,0.9416,0.7707
gemma-4-26B-A4B-it,explicit,None,0,None,None,False,1,669,147,0.7549,0.6296,0.3005,0.6667,0.9391,0.768
Qwen3.5-9B,description,dynamic,8,dense,diversity,False,0,815,1,0.7534,0.6241,0.2918,0.6538,0.9381,0.7679
gemma-4-E4B-it,description,dynamic,8,None,random,False,1,816,0,0.7132,0.6237,0.293,0.8846,0.9761,0.6882
Qwen3.5-9B,description,dynamic,8,None,random,False,0,815,1,0.7362,0.6205,0.2874,0.7212,0.9477,0.7384
Qwen3.5-9B,implicit,dynamic,8,dense,diversity,False,2,816,0,0.7267,0.6196,0.2867,0.7692,0.9553,0.7205
Qwen3.5-9B,description,dynamic,8,None,random,False,3,814,1,0.7592,0.6188,0.2857,0.6019,0.9313,0.782
Qwen3.5-9B,implicit,dynamic,8,dense,similarity,False,3,815,0,0.7387,0.6133,0.2782,0.6699,0.94,0.7486
gemma-4-E4B-it,title,dynamic,8,dense,diversity,False,1,816,0,0.712,0.6102,0.278,0.7885,0.9578,0.7008
gemma-4-E4B-it,title,dynamic,8,dense,similarity,False,3,815,0,0.7387,0.6101,0.2746,0.6505,0.937,0.7514
gemma-4-E4B-it,description,dynamic,8,None,random,False,2,816,0,0.7047,0.6094,0.2783,0.8269,0.9645,0.6868
gemma-4-E4B-it,description,None,0,None,None,False,0,816,0,0.7157,0.6092,0.2762,0.7596,0.9528,0.7093
Qwen3.5-9B,description,dynamic,8,None,random,False,2,816,0,0.7304,0.608,0.2734,0.6731,0.9393,0.7388
gemma-4-E4B-it,title,dynamic,8,dense,diversity,False,2,816,0,0.6998,0.6079,0.2776,0.8462,0.9679,0.6784
Qwen3.5-9B,implicit,dynamic,8,dense,similarity,False,1,816,0,0.7083,0.6072,0.2752,0.7885,0.9575,0.6966
Qwen3.5-9B,implicit,dynamic,8,dense,mmr,False,3,815,0,0.7264,0.6064,0.271,0.6893,0.9421,0.7317
Qwen3.5-9B,implicit,dynamic,8,sparse,similarity,False,2,816,0,0.712,0.6062,0.2734,0.7596,0.9526,0.7051
Qwen3.5-9B,implicit,dynamic,8,sparse,similarity,False,1,816,0,0.7145,0.6054,0.2721,0.7404,0.9493,0.7107
gemma-4-E4B-it,description,dynamic,8,fusion,similarity,False,1,816,0,0.6912,0.6045,0.2758,0.875,0.9733,0.6643
gemma-4-E4B-it,title,dynamic,8,dense,similarity,False,2,816,0,0.6998,0.6042,0.2733,0.8173,0.9624,0.6826
Qwen3.5-9B,implicit,dynamic,8,dense,diversity,False,1,816,0,0.7145,0.604,0.2705,0.7308,0.9477,0.7121
Qwen3.5-9B,implicit,dynamic,8,dense,mmr,False,2,816,0,0.7059,0.6039,0.2718,0.7788,0.9556,0.6952
gemma-4-E4B-it,explicit,None,0,None,None,False,1,816,0,0.8039,0.6037,0.2879,0.3654,0.9035,0.868
gemma-4-E4B-it,description,dynamic,8,None,random,False,0,816,0,0.6973,0.6034,0.273,0.8269,0.9641,0.6784
Qwen3.5-9B,implicit,dynamic,8,None,random,False,0,815,1,0.7129,0.6028,0.2695,0.7308,0.9475,0.7103
Qwen3.5-9B,implicit,dynamic,8,fusion,similarity,False,3,814,1,0.7236,0.6027,0.2672,0.6796,0.9402,0.73
Qwen3.5-9B,implicit,dynamic,8,fusion,similarity,False,2,816,0,0.7034,0.602,0.27,0.7788,0.9554,0.6924
gemma-4-E4B-it,description,dynamic,8,dense,similarity,False,0,816,0,0.6936,0.6017,0.2719,0.8365,0.9657,0.6728
gemma-4-26B-A4B-it,title,None,0,None,None,False,3,814,1,0.7469,0.6013,0.2648,0.5631,0.9244,0.7736
Qwen3.5-9B,description,dynamic,8,dense,diversity,False,2,816,0,0.7279,0.6012,0.2659,0.6442,0.9344,0.7402
Qwen3.5-9B,title,dynamic,8,dense,diversity,False,1,816,0,0.7059,0.6012,0.2687,0.7596,0.9521,0.698
Qwen3.5-9B,description,dynamic,8,sparse,similarity,False,1,816,0,0.7194,0.6006,0.2659,0.6827,0.9399,0.7247
gemma-4-E4B-it,title,dynamic,8,fusion,similarity,False,2,816,0,0.6912,0.5997,0.2702,0.8365,0.9656,0.6699
gemma-4-E4B-it,description,dynamic,8,dense,diversity,False,0,816,0,0.6973,0.5997,0.2686,0.7981,0.9586,0.6826
gemma-4-E4B-it,description,dynamic,8,fusion,similarity,False,0,816,0,0.6875,0.5992,0.2705,0.8558,0.9692,0.6629
gemma-4-E4B-it,explicit,None,0,None,None,False,0,815,1,0.8049,0.599,0.2835,0.3462,0.9012,0.872
Qwen3.5-9B,description,dynamic,8,dense,mmr,False,1,816,0,0.6961,0.5987,0.2677,0.7981,0.9585,0.6812
Qwen3.5-9B,implicit,dynamic,8,dense,similarity,False,2,816,0,0.7096,0.5986,0.265,0.7212,0.9456,0.7079
Qwen3.5-9B,description,dynamic,8,sparse,similarity,False,3,814,1,0.7359,0.5977,0.2607,0.5922,0.9276,0.7567
gemma-4-E4B-it,description,dynamic,8,dense,similarity,False,1,816,0,0.69,0.5975,0.2679,0.8269,0.9636,0.6699
gemma-4-E4B-it,description,None,0,None,None,False,3,815,0,0.7166,0.5969,0.2612,0.6796,0.9397,0.7219
gemma-4-E4B-it,title,dynamic,8,dense,mmr,False,1,816,0,0.6814,0.5966,0.2692,0.875,0.9728,0.6531
Qwen3.5-9B,title,dynamic,8,dense,diversity,False,3,814,1,0.7101,0.5964,0.2616,0.7087,0.9439,0.7103
Qwen3.5-9B,implicit,dynamic,8,dense,mmr,False,1,816,0,0.6949,0.5964,0.2654,0.7885,0.9566,0.6812
gemma-4-E4B-it,title,dynamic,8,dense,similarity,False,0,816,0,0.6961,0.5961,0.2647,0.7788,0.9549,0.684
gemma-4-E4B-it,title,dynamic,8,fusion,similarity,False,1,816,0,0.6924,0.5957,0.2652,0.7981,0.9583,0.677
gemma-4-E4B-it,description,dynamic,8,None,random,False,3,815,0,0.7129,0.5955,0.2601,0.6893,0.941,0.7163
gemma-4-E4B-it,description,dynamic,8,fusion,similarity,False,3,815,0,0.7055,0.5955,0.2613,0.7282,0.947,0.7022
gemma-4-E4B-it,title,dynamic,8,fusion,similarity,False,0,816,0,0.69,0.5951,0.265,0.8077,0.9599,0.6728
Qwen3.5-9B,implicit,dynamic,8,fusion,similarity,False,1,816,0,0.6998,0.595,0.2626,0.75,0.9499,0.6924
gemma-4-E4B-it,title,dynamic,8,sparse,similarity,False,0,816,0,0.6961,0.5948,0.2632,0.7692,0.9531,0.6854
gemma-4-E4B-it,title,dynamic,8,fusion,similarity,False,3,815,0,0.7043,0.5946,0.2604,0.7282,0.9469,0.7008
gemma-4-E4B-it,description,dynamic,8,dense,similarity,False,3,815,0,0.719,0.5942,0.2577,0.6505,0.9351,0.7289
gemma-4-E4B-it,description,dynamic,8,dense,similarity,False,2,816,0,0.6838,0.5939,0.2652,0.8365,0.9652,0.6615
gemma-4-E4B-it,title,dynamic,8,dense,diversity,False,0,816,0,0.6949,0.5938,0.2623,0.7692,0.953,0.684
Qwen3.5-9B,description,dynamic,8,dense,similarity,False,3,814,1,0.7039,0.593,0.2587,0.7184,0.9451,0.7018
Qwen3.5-9B,description,dynamic,8,fusion,similarity,False,3,815,0,0.7055,0.5927,0.258,0.7087,0.9436,0.7051
gemma-4-E4B-it,description,None,0,None,None,False,1,816,0,0.6998,0.5908,0.2577,0.7212,0.9448,0.6966
Qwen3.5-9B,explicit,None,0,None,None,False,1,816,0,0.7978,0.5899,0.2672,0.3365,0.8993,0.8652
gemma-4-E4B-it,description,None,0,None,None,False,2,816,0,0.69,0.5899,0.2589,0.7692,0.9527,0.6784
Qwen3.5-9B,implicit,dynamic,8,sparse,similarity,False,3,815,0,0.7055,0.5897,0.2545,0.6893,0.9403,0.7079
gemma-4-E4B-it,implicit,dynamic,8,dense,diversity,False,1,816,0,0.674,0.5897,0.2632,0.8654,0.9705,0.6461
gemma-4-E4B-it,title,dynamic,8,None,random,False,2,816,0,0.6875,0.5893,0.2588,0.7788,0.9543,0.6742
Qwen3.5-9B,implicit,dynamic,8,fusion,similarity,False,0,816,0,0.6936,0.5888,0.2567,0.7404,0.9477,0.6868
gemma-4-E4B-it,explicit,None,0,None,None,False,3,813,2,0.7921,0.5884,0.2609,0.3495,0.9007,0.8563
Qwen3.5-9B,description,dynamic,8,fusion,similarity,False,1,816,0,0.6998,0.588,0.2544,0.7019,0.9414,0.6994
Qwen3.5-9B,description,dynamic,8,sparse,similarity,False,2,816,0,0.7034,0.5879,0.2536,0.6827,0.9384,0.7065
gemma-4-E4B-it,implicit,dynamic,8,None,random,False,3,815,0,0.6969,0.5873,0.2534,0.7184,0.9446,0.6938
gemma-4-E4B-it,description,dynamic,8,sparse,similarity,False,0,816,0,0.6814,0.587,0.2578,0.7981,0.9575,0.6643
Qwen3.5-9B,implicit,dynamic,8,sparse,similarity,False,0,816,0,0.6985,0.587,0.2535,0.7019,0.9413,0.698
gemma-4-E4B-it,title,dynamic,8,dense,similarity,False,1,816,0,0.6887,0.5863,0.2549,0.75,0.949,0.6798
Qwen3.5-9B,description,dynamic,8,sparse,similarity,False,0,816,0,0.701,0.586,0.2518,0.6827,0.9382,0.7037
gemma-4-E4B-it,implicit,dynamic,8,dense,similarity,False,3,815,0,0.7018,0.5853,0.25,0.6796,0.9383,0.7051
gemma-4-E4B-it,title,dynamic,8,sparse,similarity,False,1,816,0,0.6912,0.5841,0.2517,0.7212,0.944,0.6868
gemma-4-E4B-it,implicit,dynamic,8,dense,similarity,False,0,816,0,0.6679,0.5837,0.258,0.8558,0.9682,0.6404
gemma-4-E4B-it,title,dynamic,8,dense,diversity,False,3,815,0,0.719,0.5825,0.2439,0.5825,0.9244,0.7388
Qwen3.5-9B,explicit,None,0,None,None,False,3,815,0,0.8147,0.5822,0.2692,0.2718,0.8945,0.8933
Qwen3.5-9B,implicit,None,0,None,None,False,0,815,1,0.8773,0.5821,0.5769,0.1442,0.8872,0.9845
gemma-4-E4B-it,implicit,dynamic,8,dense,diversity,False,2,816,0,0.6716,0.5818,0.2545,0.8173,0.9606,0.6503
Qwen3.5-9B,implicit,dynamic,8,dense,mmr,False,0,815,1,0.681,0.5817,0.2516,0.7596,0.9501,0.6695
gemma-4-E4B-it,description,dynamic,8,dense,diversity,False,3,815,0,0.7006,0.5813,0.2455,0.6602,0.9349,0.7065
gemma-4-E4B-it,implicit,dynamic,8,dense,similarity,False,1,816,0,0.6703,0.5809,0.2537,0.8173,0.9605,0.6489
Qwen3.5-9B,description,dynamic,8,dense,similarity,False,1,816,0,0.6814,0.5806,0.25,0.75,0.9484,0.6713
Qwen3.5-9B,description,dynamic,8,fusion,similarity,False,2,816,0,0.6998,0.5806,0.2455,0.6538,0.9332,0.7065
gemma-4-E4B-it,title,dynamic,8,dense,mmr,False,3,815,0,0.6883,0.5792,0.2458,0.7087,0.9421,0.6854
gemma-4-E4B-it,implicit,dynamic,8,None,random,False,2,816,0,0.6679,0.5778,0.2507,0.8077,0.9584,0.6475
Qwen3.5-9B,title,dynamic,8,None,random,False,1,815,1,0.6871,0.5769,0.2441,0.6923,0.9385,0.6864
gemma-4-E4B-it,title,dynamic,8,sparse,similarity,False,2,816,0,0.6728,0.5766,0.2477,0.7692,0.9513,0.6587
gemma-4-E4B-it,description,dynamic,8,sparse,similarity,False,1,816,0,0.663,0.5764,0.2507,0.8269,0.9619,0.639
gemma-4-E4B-it,description,dynamic,8,fusion,similarity,False,2,816,0,0.6569,0.5762,0.2528,0.8654,0.9696,0.6264
gemma-4-E4B-it,implicit,dynamic,8,None,random,False,1,816,0,0.6593,0.5758,0.2514,0.8462,0.9657,0.632
Qwen3.5-9B,implicit,dynamic,8,dense,diversity,False,0,815,1,0.6871,0.5754,0.2423,0.6827,0.9368,0.6878
gemma-4-E4B-it,implicit,dynamic,8,dense,similarity,False,2,816,0,0.6581,0.5749,0.2507,0.8462,0.9656,0.6306
Qwen3.5-9B,description,dynamic,8,dense,similarity,False,2,816,0,0.6826,0.5747,0.2425,0.7019,0.9398,0.6798
gemma-4-E4B-it,title,dynamic,8,None,random,False,3,815,0,0.6933,0.5742,0.2384,0.6505,0.9326,0.6994
gemma-4-E4B-it,description,dynamic,8,dense,mmr,False,2,816,0,0.6471,0.574,0.254,0.9135,0.9796,0.6081
gemma-4-E4B-it,title,dynamic,8,sparse,similarity,False,3,815,0,0.6859,0.573,0.2389,0.6796,0.9368,0.6868
Qwen3.5-9B,description,dynamic,8,dense,mmr,False,2,816,0,0.6728,0.5727,0.2429,0.7404,0.9459,0.6629
Qwen3.5-9B,description,dynamic,8,dense,mmr,False,3,814,1,0.6794,0.5725,0.2401,0.7087,0.9412,0.6751
gemma-4-E4B-it,implicit,dynamic,8,sparse,similarity,False,1,816,0,0.652,0.5713,0.2486,0.8558,0.9672,0.6222
gemma-4-E4B-it,description,dynamic,8,dense,mmr,False,3,815,0,0.665,0.5707,0.2424,0.7767,0.9526,0.6489
gemma-4-E4B-it,title,dynamic,8,dense,mmr,False,0,816,0,0.6556,0.5695,0.245,0.8173,0.9595,0.632
gemma-4-E4B-it,description,dynamic,8,sparse,similarity,False,2,816,0,0.6495,0.5694,0.2472,0.8558,0.9671,0.6194
Qwen3.5-9B,title,dynamic,8,dense,diversity,False,2,816,0,0.6789,0.5691,0.2367,0.6827,0.936,0.6784
Qwen3.5-9B,implicit,None,0,None,None,False,1,816,0,0.8762,0.5688,0.5652,0.125,0.8852,0.986
Qwen3.5-9B,implicit,dynamic,8,dense,similarity,False,0,815,1,0.6798,0.5669,0.2339,0.6635,0.9327,0.6821
gemma-4-E4B-it,title,dynamic,8,None,random,False,0,816,0,0.674,0.5668,0.2353,0.6923,0.9373,0.6713
gemma-4-E4B-it,implicit,dynamic,8,sparse,similarity,False,0,816,0,0.6483,0.5662,0.2437,0.8365,0.963,0.6208
gemma-4-E4B-it,description,dynamic,8,sparse,similarity,False,3,815,0,0.6724,0.5657,0.2338,0.699,0.9389,0.6685
gemma-4-E4B-it,title,dynamic,8,None,random,False,1,816,0,0.6667,0.5653,0.2358,0.7212,0.9418,0.6587
gemma-4-E4B-it,implicit,dynamic,8,fusion,similarity,False,1,816,0,0.6385,0.5652,0.2467,0.8942,0.9749,0.6011
gemma-4-E4B-it,description,dynamic,8,dense,mmr,False,0,816,0,0.6397,0.564,0.2446,0.875,0.9707,0.6053
gemma-4-E4B-it,explicit,None,0,None,None,False,2,814,2,0.7789,0.5632,0.2246,0.2981,0.892,0.8493
gemma-4-E4B-it,title,dynamic,8,dense,mmr,False,2,816,0,0.6409,0.5628,0.2425,0.8558,0.9666,0.6096
Qwen3.5-9B,explicit,None,0,None,None,False,2,816,0,0.7929,0.5611,0.2269,0.2596,0.8895,0.8708
Qwen3.5-9B,description,None,0,None,None,False,2,816,0,0.674,0.561,0.2282,0.6538,0.9305,0.677
Qwen3.5-9B,description,dynamic,8,fusion,similarity,False,0,816,0,0.6618,0.5589,0.2296,0.7019,0.9378,0.6559
Qwen3.5-9B,title,dynamic,8,sparse,similarity,False,1,816,0,0.6507,0.5585,0.233,0.7596,0.9476,0.6348
gemma-4-E4B-it,implicit,dynamic,8,fusion,similarity,False,0,816,0,0.6397,0.5585,0.2376,0.8269,0.9604,0.6124
gemma-4-E4B-it,description,dynamic,8,dense,mmr,False,1,816,0,0.6324,0.5584,0.2407,0.875,0.9703,0.5969
gemma-4-E4B-it,implicit,dynamic,8,dense,mmr,False,1,816,0,0.6299,0.5575,0.2408,0.8846,0.9724,0.5927
gemma-4-E4B-it,implicit,dynamic,8,dense,diversity,False,3,815,0,0.6687,0.5572,0.2244,0.6602,0.9316,0.6699
Qwen3.5-9B,description,dynamic,8,dense,similarity,False,0,816,0,0.6642,0.5566,0.2258,0.6731,0.9328,0.6629
gemma-4-E4B-it,implicit,dynamic,8,dense,diversity,False,0,816,0,0.636,0.5557,0.2356,0.8269,0.9601,0.6081
Qwen3.5-9B,title,dynamic,8,None,random,False,2,816,0,0.674,0.555,0.2207,0.6154,0.924,0.6826
gemma-4-E4B-it,implicit,dynamic,8,fusion,similarity,False,2,816,0,0.6275,0.5546,0.2382,0.875,0.97,0.5913
gemma-4-E4B-it,implicit,dynamic,8,sparse,similarity,False,3,815,0,0.6577,0.5546,0.225,0.699,0.9374,0.6517
Qwen3.5-9B,description,None,0,None,None,False,1,816,0,0.6752,0.5544,0.2195,0.6058,0.9225,0.6854
gemma-4-E4B-it,implicit,dynamic,8,dense,mmr,False,3,815,0,0.6479,0.5526,0.2262,0.7379,0.9436,0.6348
gemma-4-E4B-it,implicit,dynamic,8,sparse,similarity,False,2,816,0,0.625,0.5517,0.2356,0.8654,0.9677,0.5899
Qwen3.5-9B,title,dynamic,8,None,random,False,3,814,1,0.6794,0.5512,0.2138,0.5728,0.9182,0.6948
Qwen3.5-9B,description,dynamic,8,dense,mmr,False,0,816,0,0.652,0.5489,0.2205,0.6827,0.9332,0.6475
Qwen3.5-9B,implicit,None,0,None,None,False,2,816,0,0.8676,0.5487,0.4231,0.1058,0.8823,0.9789
gemma-4-E4B-it,implicit,dynamic,8,None,random,False,0,816,0,0.6299,0.5476,0.228,0.7981,0.9535,0.6053
Qwen3.5-9B,title,dynamic,8,dense,diversity,False,0,815,1,0.6613,0.5459,0.2133,0.6154,0.9223,0.6681
gemma-4-E4B-it,implicit,dynamic,8,fusion,similarity,False,3,815,0,0.6491,0.5455,0.2167,0.6796,0.9329,0.6447
gemma-4-E4B-it,implicit,dynamic,8,dense,mmr,False,2,816,0,0.6091,0.5416,0.2306,0.8846,0.9712,0.5688
gemma-4-E4B-it,implicit,dynamic,8,dense,mmr,False,0,816,0,0.6017,0.539,0.2311,0.9135,0.9778,0.5562
Qwen3.5-9B,title,dynamic,8,sparse,similarity,False,3,815,0,0.6417,0.5388,0.211,0.6699,0.9303,0.6376
Qwen3.5-9B,title,dynamic,8,sparse,similarity,False,2,816,0,0.6348,0.535,0.2096,0.6731,0.9295,0.6292
Qwen3.5-9B,description,None,0,None,None,False,3,815,0,0.665,0.5324,0.1942,0.5243,0.9088,0.6854
Qwen3.5-9B,title,dynamic,8,dense,similarity,False,3,815,0,0.6123,0.5323,0.216,0.7864,0.95,0.5871
gemma-4-E4B-it,title,None,0,None,None,False,1,816,0,0.6103,0.5307,0.2154,0.7788,0.9477,0.5857
gemma-4-E4B-it,title,None,0,None,None,False,0,816,0,0.6115,0.5305,0.2145,0.7692,0.9458,0.5885
Qwen3.5-9B,implicit,None,0,None,None,False,3,815,0,0.8699,0.5304,0.4211,0.0777,0.8807,0.9846
Qwen3.5-9B,title,None,0,None,None,False,1,816,0,0.6336,0.53,0.2036,0.6442,0.924,0.632
Qwen3.5-9B,title,dynamic,8,None,random,False,0,815,1,0.6307,0.5295,0.2042,0.6538,0.9253,0.6273
Qwen3.5-9B,title,dynamic,8,fusion,similarity,False,3,815,0,0.6098,0.5282,0.2118,0.767,0.9457,0.5871
Qwen3.5-9B,title,None,0,None,None,False,2,816,0,0.6201,0.5244,0.2023,0.6731,0.9277,0.6124
gemma-4-E4B-it,title,None,0,None,None,False,2,816,0,0.5968,0.5241,0.2137,0.8077,0.9527,0.566
Qwen3.5-9B,title,dynamic,8,sparse,similarity,False,0,816,0,0.6066,0.5198,0.2027,0.7115,0.9335,0.5913
Qwen3.5-9B,description,None,0,None,None,False,0,815,1,0.6258,0.5161,0.1889,0.5865,0.9126,0.6315
Qwen3.5-9B,title,dynamic,8,dense,mmr,False,3,815,0,0.5914,0.5158,0.2051,0.7767,0.9459,0.5646
gemma-4-E4B-it,title,None,0,None,None,False,3,815,0,0.6049,0.5137,0.195,0.6796,0.9276,0.5941
Qwen3.5-9B,title,dynamic,8,dense,mmr,False,1,816,0,0.5784,0.5105,0.2059,0.8077,0.951,0.5449
Qwen3.5-9B,title,dynamic,8,dense,similarity,False,1,816,0,0.5809,0.5102,0.204,0.7885,0.9469,0.5506
Qwen3.5-9B,title,dynamic,8,fusion,similarity,False,2,816,0,0.5846,0.5096,0.201,0.7596,0.9409,0.559
Qwen3.5-9B,title,dynamic,8,dense,similarity,False,2,816,0,0.5821,0.5089,0.2015,0.7692,0.9427,0.5548
Qwen3.5-9B,title,dynamic,8,fusion,similarity,False,1,816,0,0.5821,0.5067,0.1985,0.75,0.9385,0.5576
Qwen3.5-9B,title,dynamic,8,dense,mmr,False,2,816,0,0.5748,0.5057,0.2015,0.7885,0.9462,0.5435
Qwen3.5-9B,title,None,0,None,None,False,3,815,0,0.6172,0.5012,0.1724,0.534,0.9032,0.6292
Qwen3.5-9B,title,dynamic,8,fusion,similarity,False,0,816,0,0.5662,0.4984,0.1966,0.7788,0.9431,0.5351
Qwen3.5-9B,title,dynamic,8,dense,mmr,False,0,815,1,0.5595,0.4946,0.1957,0.7885,0.9444,0.526
Qwen3.5-9B,title,None,0,None,None,False,0,816,0,0.5846,0.4792,0.1594,0.5288,0.896,0.5927
Qwen3.5-9B,title,dynamic,8,dense,similarity,False,0,816,0,0.5453,0.4791,0.1829,0.7404,0.9316,0.5169
EuroLLM-22B-Instruct-2512,implicit,dynamic,8,dense,similarity,False,2,815,1,0.5043,0.4642,0.1926,0.9038,0.9694,0.4459
EuroLLM-22B-Instruct-2512,implicit,dynamic,8,fusion,similarity,False,3,815,0,0.4994,0.4523,0.1776,0.8155,0.9444,0.4537
EuroLLM-22B-Instruct-2512,implicit,dynamic,8,dense,similarity,False,1,816,0,0.4865,0.4505,0.1869,0.9038,0.9681,0.4256
EuroLLM-22B-Instruct-2512,description,dynamic,8,dense,similarity,False,3,815,0,0.5067,0.4504,0.1685,0.7379,0.9258,0.4733
EuroLLM-22B-Instruct-2512,implicit,dynamic,8,dense,similarity,False,3,815,0,0.4969,0.4487,0.1741,0.7961,0.939,0.4537
EuroLLM-22B-Instruct-2512,description,dynamic,8,fusion,similarity,False,2,816,0,0.4828,0.4484,0.187,0.9135,0.9708,0.4199
EuroLLM-22B-Instruct-2512,description,dynamic,8,sparse,similarity,False,3,815,0,0.4982,0.4469,0.1703,0.767,0.9316,0.4593
EuroLLM-22B-Instruct-2512,implicit,dynamic,8,fusion,similarity,False,1,816,0,0.4755,0.4427,0.1848,0.9135,0.9702,0.4115
EuroLLM-22B-Instruct-2512,implicit,dynamic,8,sparse,similarity,False,3,815,0,0.4822,0.4419,0.1765,0.8447,0.9503,0.4298
EuroLLM-22B-Instruct-2512,description,dynamic,8,fusion,similarity,False,3,815,0,0.4896,0.4415,0.1691,0.7767,0.9327,0.448
EuroLLM-22B-Instruct-2512,description,dynamic,8,dense,similarity,False,1,816,0,0.4743,0.441,0.1832,0.9038,0.967,0.4115
EuroLLM-22B-Instruct-2512,implicit,dynamic,8,fusion,similarity,False,2,816,0,0.473,0.4394,0.1816,0.8942,0.9638,0.4115
EuroLLM-22B-Instruct-2512,description,dynamic,8,dense,similarity,False,2,816,0,0.4681,0.4327,0.1752,0.8558,0.9513,0.4115
EuroLLM-22B-Instruct-2512,implicit,dynamic,8,dense,mmr,False,2,815,1,0.4613,0.4324,0.1822,0.9231,0.9722,0.3938
EuroLLM-22B-Instruct-2512,implicit,dynamic,8,sparse,similarity,False,2,816,0,0.4632,0.4318,0.1788,0.8942,0.9628,0.4003
EuroLLM-22B-Instruct-2512,description,dynamic,8,sparse,similarity,False,1,816,0,0.4669,0.431,0.1736,0.8462,0.9482,0.4115
gemma-4-E4B-it,implicit,None,0,None,None,False,0,814,2,0.4582,0.4274,0.1766,0.8846,0.959,0.3958
EuroLLM-22B-Instruct-2512,description,dynamic,8,fusion,similarity,False,1,816,0,0.4583,0.4266,0.175,0.875,0.9561,0.3975
gemma-4-E4B-it,implicit,None,0,None,None,False,1,814,2,0.4521,0.4259,0.181,0.9327,0.9748,0.3817
EuroLLM-22B-Instruct-2512,implicit,dynamic,8,dense,similarity,False,0,815,1,0.454,0.424,0.1752,0.8846,0.9586,0.391
EuroLLM-22B-Instruct-2512,implicit,dynamic,8,sparse,similarity,False,1,816,0,0.4559,0.4233,0.1718,0.8558,0.9497,0.3975
EuroLLM-22B-Instruct-2512,description,dynamic,8,sparse,similarity,False,2,816,0,0.4522,0.4232,0.1758,0.8942,0.9617,0.3876
EuroLLM-22B-Instruct-2512,title,dynamic,8,dense,similarity,False,3,815,0,0.4601,0.4221,0.165,0.8058,0.9359,0.4101
EuroLLM-22B-Instruct-2512,implicit,dynamic,8,dense,mmr,False,3,815,0,0.4528,0.4181,0.1657,0.8252,0.9404,0.3989
EuroLLM-22B-Instruct-2512,description,dynamic,8,dense,similarity,False,0,815,1,0.4466,0.4176,0.172,0.875,0.9545,0.384
gemma-4-E4B-it,implicit,None,0,None,None,False,3,813,2,0.449,0.4175,0.1689,0.8544,0.9486,0.3901
EuroLLM-22B-Instruct-2512,description,dynamic,8,None,random,False,2,816,0,0.4387,0.4145,0.1758,0.9231,0.9704,0.368
EuroLLM-22B-Instruct-2512,title,dynamic,8,fusion,similarity,False,3,815,0,0.4417,0.4131,0.1692,0.8738,0.9541,0.3792
EuroLLM-22B-Instruct-2512,implicit,dynamic,8,dense,mmr,False,1,816,0,0.435,0.4122,0.176,0.9327,0.9736,0.3624
EuroLLM-22B-Instruct-2512,description,dynamic,8,dense,mmr,False,3,815,0,0.4491,0.4115,0.1581,0.7767,0.9256,0.4017
EuroLLM-22B-Instruct-2512,description,dynamic,8,None,random,False,3,815,0,0.4466,0.4112,0.1602,0.7961,0.9307,0.3961
EuroLLM-22B-Instruct-2512,title,dynamic,8,sparse,similarity,False,3,815,0,0.4417,0.4089,0.1615,0.8155,0.9356,0.3876
EuroLLM-22B-Instruct-2512,implicit,dynamic,8,sparse,similarity,False,0,815,1,0.4344,0.4086,0.1701,0.8846,0.9562,0.3685
EuroLLM-22B-Instruct-2512,description,dynamic,8,sparse,similarity,False,0,816,0,0.4412,0.4084,0.1615,0.8077,0.9324,0.3876
gemma-4-E4B-it,implicit,None,0,None,None,False,2,815,1,0.4331,0.4083,0.171,0.8942,0.9594,0.3657
EuroLLM-22B-Instruct-2512,description,dynamic,8,dense,diversity,False,2,816,0,0.4289,0.4067,0.1733,0.9231,0.9695,0.3567
EuroLLM-22B-Instruct-2512,description,dynamic,8,dense,diversity,False,3,815,0,0.4417,0.4044,0.1535,0.7573,0.9186,0.3961
EuroLLM-22B-Instruct-2512,title,dynamic,8,dense,similarity,False,1,816,0,0.4252,0.4032,0.1712,0.9135,0.9655,0.3539
EuroLLM-22B-Instruct-2512,description,dynamic,8,dense,mmr,False,1,816,0,0.4228,0.4029,0.1741,0.9423,0.9763,0.3469
EuroLLM-22B-Instruct-2512,description,dynamic,8,None,random,False,0,815,1,0.4282,0.4025,0.1661,0.8654,0.9487,0.3643
EuroLLM-22B-Instruct-2512,description,dynamic,8,dense,mmr,False,2,816,0,0.4216,0.4002,0.1703,0.9135,0.9651,0.3497
EuroLLM-22B-Instruct-2512,title,dynamic,8,dense,similarity,False,2,816,0,0.4216,0.3996,0.1691,0.9038,0.9615,0.3511
EuroLLM-22B-Instruct-2512,implicit,dynamic,8,dense,mmr,False,0,815,1,0.4209,0.3991,0.1691,0.9038,0.9614,0.3502
EuroLLM-22B-Instruct-2512,title,dynamic,8,sparse,similarity,False,0,816,0,0.4179,0.3978,0.1705,0.9231,0.9684,0.3441
EuroLLM-22B-Instruct-2512,implicit,dynamic,8,fusion,similarity,False,0,815,1,0.4209,0.3973,0.1655,0.875,0.9509,0.3544
EuroLLM-22B-Instruct-2512,implicit,dynamic,8,dense,diversity,False,3,814,1,0.4238,0.3972,0.1611,0.8447,0.9416,0.3629
EuroLLM-22B-Instruct-2512,description,dynamic,8,None,random,False,1,816,0,0.4105,0.3885,0.1616,0.8654,0.9459,0.3441
EuroLLM-22B-Instruct-2512,title,dynamic,8,fusion,similarity,False,2,816,0,0.4044,0.3884,0.1707,0.9519,0.9788,0.3244
EuroLLM-22B-Instruct-2512,title,dynamic,8,dense,diversity,False,3,815,0,0.4147,0.3874,0.1537,0.8058,0.9273,0.3581
EuroLLM-22B-Instruct-2512,title,dynamic,8,sparse,similarity,False,1,816,0,0.4069,0.3867,0.1631,0.8846,0.9524,0.3371
EuroLLM-22B-Instruct-2512,description,dynamic,8,fusion,similarity,False,0,815,1,0.4061,0.3826,0.1558,0.8269,0.9316,0.3446
EuroLLM-22B-Instruct-2512,title,dynamic,8,None,random,False,3,815,0,0.4049,0.3792,0.1502,0.7961,0.9219,0.3483
EuroLLM-22B-Instruct-2512,description,dynamic,8,dense,mmr,False,0,815,1,0.3939,0.3773,0.1626,0.9038,0.9578,0.3193
EuroLLM-22B-Instruct-2512,description,dynamic,8,dense,diversity,False,0,815,1,0.3963,0.3731,0.1498,0.7981,0.9195,0.3376
EuroLLM-22B-Instruct-2512,title,dynamic,8,sparse,similarity,False,2,816,0,0.386,0.3722,0.1641,0.9327,0.9689,0.3062
EuroLLM-22B-Instruct-2512,title,dynamic,8,fusion,similarity,False,1,816,0,0.3885,0.3718,0.1589,0.8846,0.9494,0.316
EuroLLM-22B-Instruct-2512,title,dynamic,8,dense,mmr,False,3,815,0,0.389,0.3684,0.1504,0.8252,0.928,0.3258
EuroLLM-22B-Instruct-2512,description,dynamic,8,dense,diversity,False,1,816,0,0.386,0.3682,0.1548,0.8558,0.9378,0.3174
EuroLLM-22B-Instruct-2512,implicit,dynamic,8,None,random,False,3,815,0,0.389,0.3678,0.1492,0.8155,0.9246,0.3272
EuroLLM-22B-Instruct-2512,implicit,dynamic,8,dense,diversity,False,1,816,0,0.3811,0.3672,0.1607,0.9135,0.96,0.3034
EuroLLM-22B-Instruct-2512,explicit,None,0,None,None,False,2,816,0,0.375,0.3659,0.1694,1.0,1.0,0.2837
EuroLLM-22B-Instruct-2512,title,dynamic,8,fusion,similarity,False,0,816,0,0.3787,0.3656,0.1613,0.9231,0.9638,0.2992
EuroLLM-22B-Instruct-2512,implicit,dynamic,8,dense,diversity,False,2,816,0,0.3762,0.3653,0.1653,0.9615,0.981,0.2907
EuroLLM-22B-Instruct-2512,explicit,None,0,None,None,False,3,815,0,0.3742,0.3645,0.1669,0.9903,0.9951,0.2851
EuroLLM-22B-Instruct-2512,title,dynamic,8,dense,diversity,False,1,816,0,0.3775,0.3607,0.1517,0.8462,0.9322,0.309
EuroLLM-22B-Instruct-2512,title,dynamic,8,dense,diversity,False,2,816,0,0.3689,0.3561,0.1558,0.8942,0.9498,0.2921
EuroLLM-22B-Instruct-2512,title,dynamic,8,dense,mmr,False,2,816,0,0.3652,0.3559,0.1629,0.9615,0.9802,0.2781
EuroLLM-22B-Instruct-2512,title,dynamic,8,None,random,False,0,815,1,0.3706,0.3556,0.1516,0.8558,0.9342,0.2996
EuroLLM-22B-Instruct-2512,implicit,dynamic,8,None,random,False,0,815,1,0.3706,0.3551,0.1504,0.8462,0.9304,0.301
EuroLLM-22B-Instruct-2512,title,dynamic,8,None,random,False,2,816,0,0.3689,0.3547,0.1523,0.8654,0.9378,0.2963
EuroLLM-22B-Instruct-2512,title,dynamic,8,dense,similarity,False,0,815,1,0.3656,0.3534,0.1553,0.8942,0.9491,0.2883
EuroLLM-22B-Instruct-2512,implicit,dynamic,8,None,random,False,2,816,0,0.3652,0.353,0.155,0.8942,0.9491,0.2879
EuroLLM-22B-Instruct-2512,explicit,None,0,None,None,False,1,816,0,0.3603,0.3528,0.1651,0.9904,0.9948,0.2683
EuroLLM-22B-Instruct-2512,explicit,None,0,None,None,False,0,815,1,0.3546,0.3475,0.1629,0.9808,0.9894,0.263
EuroLLM-22B-Instruct-2512,implicit,dynamic,8,None,random,False,1,816,0,0.3542,0.3453,0.1572,0.9327,0.9648,0.2697
EuroLLM-22B-Instruct-2512,title,dynamic,8,dense,mmr,False,1,816,0,0.3529,0.3453,0.1603,0.9615,0.9792,0.264
EuroLLM-22B-Instruct-2512,title,dynamic,8,None,random,False,1,816,0,0.3591,0.3432,0.1419,0.7981,0.9091,0.2949
EuroLLM-22B-Instruct-2512,title,dynamic,8,dense,diversity,False,0,816,0,0.3566,0.3422,0.1438,0.8173,0.9156,0.2893
EuroLLM-22B-Instruct-2512,implicit,dynamic,8,dense,diversity,False,0,815,1,0.3472,0.3371,0.1492,0.875,0.9366,0.27
EuroLLM-22B-Instruct-2512,title,dynamic,8,dense,mmr,False,0,815,1,0.3448,0.3369,0.1543,0.9231,0.9585,0.2602
EuroLLM-22B-Instruct-2512,description,None,0,None,None,False,1,816,0,0.2328,0.2326,0.1405,0.9808,0.9778,0.1236
EuroLLM-22B-Instruct-2512,description,None,0,None,None,False,2,816,0,0.2279,0.2276,0.1387,0.9712,0.9659,0.1194
EuroLLM-22B-Instruct-2512,implicit,None,0,None,None,False,2,816,0,0.2279,0.2275,0.1407,0.9904,0.9881,0.1166
EuroLLM-22B-Instruct-2512,description,None,0,None,None,False,0,816,0,0.2157,0.2151,0.1349,0.9519,0.939,0.1081
EuroLLM-22B-Instruct-2512,description,None,0,None,None,False,3,815,0,0.2147,0.214,0.1357,0.9709,0.9615,0.1053
EuroLLM-22B-Instruct-2512,implicit,None,0,None,None,False,1,816,0,0.2108,0.2096,0.1371,0.9808,0.9722,0.0983
EuroLLM-22B-Instruct-2512,implicit,None,0,None,None,False,0,816,0,0.2059,0.2048,0.1334,0.9519,0.9324,0.0969
EuroLLM-22B-Instruct-2512,implicit,None,0,None,None,False,3,815,0,0.2037,0.2029,0.1301,0.932,0.9091,0.0983
EuroLLM-22B-Instruct-2512,title,None,0,None,None,False,2,816,0,0.1801,0.1761,0.1326,0.9808,0.9574,0.0632
EuroLLM-22B-Instruct-2512,title,None,0,None,None,False,1,816,0,0.1789,0.1742,0.1344,1.0,1.0,0.059
EuroLLM-22B-Instruct-2512,title,None,0,None,None,False,3,815,0,0.1706,0.1652,0.1313,0.9903,0.9737,0.052
EuroLLM-22B-Instruct-2512,title,None,0,None,None,False,0,816,0,0.1679,0.1619,0.1319,0.9904,0.9714,0.0478
